url,Value,Contact_value,Address_value,Number,Description,Website,email
http://haldwanicity.com/ca-haldwani.php?cat=Chartered%20Accountants,"Achal Srivastava & Co.","CA. Sanjay Kumar Gupta","Ist Floor Sunlight Complex Near Khatu Shyam Mandir Talli Bamouri, Haldwani","05946-220424, 9760037812",NULL,NULL,NULL
http://haldwanicity.com/ca-haldwani.php?cat=Chartered%20Accountants,"C. P. Dasila & Associates","CA Chandra Pratap Dasila","IInd Floor, Durga City Centre Haldwani",09897102075,NULL,NULL,NULL
http://haldwanicity.com/ca-haldwani.php?cat=Chartered%20Accountants,"DIGVIJAY SINGH & COMPANY","CA. Digvijay Singh","Nawabi Road Opposite Girl Degree College Haldwani",8449113357,NULL,NULL,NULL
http://haldwanicity.com/ca-haldwani.php?cat=Chartered%20Accountants,"Kumar Arvind & Co.","CA. Arvind Saxena","A-1, Astha Vihar, Near Panchakki.",05946-222363,NULL,NULL,NULL
http://haldwanicity.com/ca-haldwani.php?cat=Chartered%20Accountants,"Manoj Vatsal & Co.","CA. Manoj Joshi","Hall 1/D, 2nd floor, Durga City Centre",05946-228558,NULL,NULL,NULL
http://haldwanicity.com/ca-haldwani.php?cat=Chartered%20Accountants,"Mukesh Goel & Co.","CA. Mukesh Goel","Jhurmut, Polysheet, Kathgodam",05946-283200,NULL,NULL,NULL
http://haldwanicity.com/ca-haldwani.php?cat=Chartered%20Accountants,"Mukesh Usha & Associates","CA. Mukesh Kumar","Sankalp, A-16, Ganga Enclave, Nawabi Road","05946-224588 , 327160",NULL,NULL,NULL
http://haldwanicity.com/ca-haldwani.php?cat=Chartered%20Accountants,"P. Kacker & Associates","CA. Prashant Kacker","Durga City Centre, Nainital Road",09927087079,NULL,NULL,NULL
http://haldwanicity.com/ca-haldwani.php?cat=Chartered%20Accountants,"Vijay K. Bansal & Associates","CA. Vijay Kumar Bansal","1st floor, Jagnath Complex, Nainital Road","05946-324722 , 280483",NULL,NULL,NULL
http://haldwanicity.com/administration-haldwani.php?cat=Government%20Office,"Adhikshak Kendra & Seema, Shulk",NULL,"Nainital Road",05946-267015,NULL,NULL,NULL
http://haldwanicity.com/administration-haldwani.php?cat=Government%20Office,"Army Cantt",NULL,"Aero Drum Road, Tikonia","05946-221522,222043",NULL,NULL,NULL
http://haldwanicity.com/administration-haldwani.php?cat=Government%20Office,"Astt. Commissioner",NULL,Haldwani,"05946-281440,280000",NULL,NULL,NULL
http://haldwanicity.com/administration-haldwani.php?cat=Government%20Office,"Astt. Commissioner Central Excise",NULL,Haldwani,"05946-226047,222015",NULL,NULL,NULL
http://haldwanicity.com/administration-haldwani.php?cat=Government%20Office,"B.D.O. Haldwani",NULL,Haldwani,05946-261064,NULL,NULL,NULL
http://haldwanicity.com/administration-haldwani.php?cat=Government%20Office,"Bal Vikas Pariyojna Adhikari Office",NULL,"Uchapul, Kaladhungi Road",05946-264081,NULL,NULL,NULL
http://haldwanicity.com/administration-haldwani.php?cat=Government%20Office,"Bharat Parishad, Jila Karyayal",NULL,"Vishunu Parizaat Civil Lines",NULL,NULL,NULL,NULL
http://haldwanicity.com/administration-haldwani.php?cat=Government%20Office,"Block Development Officer",NULL,Haldwani,05946-261064,NULL,NULL,NULL
http://haldwanicity.com/administration-haldwani.php?cat=Government%20Office,"BSNL Exchange",NULL,"Avas Vikas, Behind Sourav Hotel","05946-221607, 197",NULL,NULL,NULL
http://haldwanicity.com/administration-haldwani.php?cat=Government%20Office,"City Magistrate",NULL,"Nainital road",05946-221565,NULL,NULL,NULL
http://haldwanicity.com/administration-haldwani.php?page=2&cat=Government%20Office&subcat=,"D. M.",NULL,haldwani,05946-220120,NULL,NULL,NULL
http://haldwanicity.com/administration-haldwani.php?page=2&cat=Government%20Office&subcat=,"Darul Amanat Vikas Samiti",NULL,"Baitush Shifa Qidwai Nager, Haldwani, Haldwani","05946-254554, +(91)-9690165982",NULL,NULL,NULL
http://haldwanicity.com/administration-haldwani.php?page=2&cat=Government%20Office&subcat=,"District Probation Officer",NULL,Haldwani,"05946-255465, 255077",NULL,NULL,NULL
http://haldwanicity.com/administration-haldwani.php?page=2&cat=Government%20Office&subcat=,"District Tuberculosis Officer",NULL,"Govt. TB Hospital",05946-254232,NULL,NULL,NULL
http://haldwanicity.com/administration-haldwani.php?page=2&cat=Government%20Office&subcat=,"Divsional Manager, N.E. Railway",NULL,"Izzat Nagar, Haldwani",05946-266637,NULL,NULL,NULL
http://haldwanicity.com/administration-haldwani.php?page=2&cat=Government%20Office&subcat=,"Dream India Welfare Society",NULL,"Vill- Ummadpur No.2, Post Office- Chorgalia, Haldwani Uttranchal","05946-243391, +(91)-9456776656",NULL,NULL,NULL
http://haldwanicity.com/administration-haldwani.php?page=2&cat=Government%20Office&subcat=,"E.E. Electricity Board",NULL,"Sheesh Mahal, Nainital Road kathgodam",05946-220172,NULL,NULL,NULL
http://haldwanicity.com/administration-haldwani.php?page=2&cat=Government%20Office&subcat=,"EE store Division",NULL,kathgodam,05946-266354,NULL,NULL,NULL
http://haldwanicity.com/administration-haldwani.php?page=2&cat=Government%20Office&subcat=,"Electricity Distribution Division (Town)",NULL,"Kaladhungi chowraha Haldwani",05946-220172,NULL,NULL,NULL
http://haldwanicity.com/administration-haldwani.php?page=2&cat=Government%20Office&subcat=,"Employees Provident Fund Organisation",NULL,"2nd Floor, Khurana Complex, Opposite Judges Court, Nainital Road, Haldwani Ho, Haldwani - 263139","5946-220762, 282208",NULL,NULL,NULL
http://haldwanicity.com/administration-haldwani.php?page=3&cat=Government%20Office&subcat=,"Ex. Engr. (MI)",NULL,Haldwani,05946-248323,NULL,NULL,NULL
http://haldwanicity.com/administration-haldwani.php?page=3&cat=Government%20Office&subcat=,"Ex. Engr. PWD",NULL,"Tikonia, Haldwani",05946-223352,NULL,NULL,NULL
http://haldwanicity.com/administration-haldwani.php?page=3&cat=Government%20Office&subcat=,"Firms Society & Chits Office",NULL,"Near Bank of India,Kaladhungi Road",NULL,NULL,NULL,NULL
http://haldwanicity.com/administration-haldwani.php?page=3&cat=Government%20Office&subcat=,"Food Corporation Of India",NULL,Haldwani,"05946-220631,222188",NULL,NULL,NULL
http://haldwanicity.com/administration-haldwani.php?page=3&cat=Government%20Office&subcat=,"Gangotri Welfare Society",NULL,"Kohali Colony, Kusumkhera, Haldwani, District Nainital, Uttrakhand,","05946-264463, +(91)-9719110684",NULL,NULL,NULL
http://haldwanicity.com/administration-haldwani.php?page=3&cat=Government%20Office&subcat=,"General Manager,BSNL",NULL,"Awas Vikas, Haldwani",05946-222000,NULL,NULL,NULL
http://haldwanicity.com/administration-haldwani.php?page=3&cat=Government%20Office&subcat=,"GM UPCL",NULL,"Hydel Gate",05946-267476,NULL,NULL,NULL
http://haldwanicity.com/administration-haldwani.php?page=3&cat=Government%20Office&subcat=,"GM, DIC",NULL,Haldwani,05946-220669,NULL,NULL,NULL
http://haldwanicity.com/administration-haldwani.php?page=3&cat=Government%20Office&subcat=,"Head Post Office",NULL,Haldwani,"05946-250142,250144",NULL,NULL,NULL
http://haldwanicity.com/administration-haldwani.php?page=3&cat=Government%20Office&subcat=,I.F.F.C.O.,NULL,"Shesh Mahal, Nainital Road",05946-267687,NULL,NULL,NULL
http://haldwanicity.com/administration-haldwani.php?page=4&cat=Government%20Office&subcat=,"Income Tax office",NULL,"Subhas Nagar, Haldwani",05946-225551,NULL,NULL,NULL
http://haldwanicity.com/administration-haldwani.php?page=4&cat=Government%20Office&subcat=,"Indian Oil Corporation Limited",NULL,"Near Kathgodam Crossing, Kathgodam",5946-266506,NULL,NULL,NULL
http://haldwanicity.com/administration-haldwani.php?page=4&cat=Government%20Office&subcat=,"Jagannath petrol station",NULL,"Mukhani choraha, Haldwani",9719110692,NULL,NULL,NULL
http://haldwanicity.com/administration-haldwani.php?page=4&cat=Government%20Office&subcat=,"Jagriti Mahila Evam Bal Vikas Samiti",NULL,"Near Primary School, Rajender Nagar, Lane No -3, Haldwani","9412969590, 9837091769",NULL,NULL,NULL
http://haldwanicity.com/administration-haldwani.php?page=4&cat=Government%20Office&subcat=,"Judical Majistate",NULL,"Civil Court, Haldwani",05946-282363,NULL,NULL,NULL
http://haldwanicity.com/administration-haldwani.php?page=4&cat=Government%20Office&subcat=,"Karmchari Bhavish Nidhi Sangthan",NULL,"khurana complex, In Front Session Court",NULL,NULL,NULL,NULL
http://haldwanicity.com/administration-haldwani.php?page=4&cat=Government%20Office&subcat=,"Krishi Deparment Office",NULL,"Kalawati Colony Crossing",05946-245973,NULL,NULL,NULL
http://haldwanicity.com/administration-haldwani.php?page=4&cat=Government%20Office&subcat=,"L.I.C. of India",NULL,"Near Hydel Gate, Shesh Mahal, Nainital Road","05946-253051,252559,252534,254034",NULL,NULL,NULL
http://haldwanicity.com/administration-haldwani.php?page=4&cat=Government%20Office&subcat=,"Labour Commissioner",NULL,"Nainital Road",05946-222032,NULL,NULL,NULL
http://haldwanicity.com/administration-haldwani.php?page=4&cat=Government%20Office&subcat=,"LIC of India ( CBO-II)",NULL,"Pilikoti, Kaladhungi Road","05946- 222549",NULL,NULL,NULL
http://haldwanicity.com/administration-haldwani.php?page=5&cat=Government%20Office&subcat=,"Mandi Parishad",NULL,"Navin Mandi, Bareilly Road","05946-253645,252288,252090",NULL,NULL,NULL
http://haldwanicity.com/administration-haldwani.php?page=5&cat=Government%20Office&subcat=,"Mitra Sansthaan",NULL,"Ucha Pull, Amrit Ashram",9412036583,NULL,NULL,NULL
http://haldwanicity.com/administration-haldwani.php?page=5&cat=Government%20Office&subcat=,"Nagar Nigam Haldwani",NULL,"Nainital Road, Haldwani Ho, Haldwani",05946-221512,NULL,NULL,NULL
http://haldwanicity.com/administration-haldwani.php?page=5&cat=Government%20Office&subcat=,"Nagar Palika Executive Officer",NULL,"Sakhawat Ganj",05946-221512,NULL,NULL,NULL
http://haldwanicity.com/administration-haldwani.php?page=5&cat=Government%20Office&subcat=,"Nagar Palika Executive Officer",NULL,"Khandelwal Park",05946-220191,NULL,NULL,NULL
http://haldwanicity.com/administration-haldwani.php?page=5&cat=Government%20Office&subcat=,"Nagar Palika Parishad",NULL,"Near Bus Stand, Nainital Road",05946-225706,NULL,NULL,NULL
http://haldwanicity.com/administration-haldwani.php?page=5&cat=Government%20Office&subcat=,"National Insurance Company",NULL,Haldwani,05946-220138,NULL,NULL,NULL
http://haldwanicity.com/administration-haldwani.php?page=5&cat=Government%20Office&subcat=,"Nivaran Nagar Petrol pump",NULL,"Nawabi Road",-9219410390,NULL,NULL,NULL
http://haldwanicity.com/administration-haldwani.php?page=5&cat=Government%20Office&subcat=,"Post Office Haldwani",NULL,"Near Roadways Station, Haldwani","05946-250142, 250144",NULL,NULL,NULL
http://haldwanicity.com/administration-haldwani.php?page=5&cat=Government%20Office&subcat=,R.T.O.,NULL,"RTO Road, kusumkheera",05946-260207,NULL,NULL,NULL
http://haldwanicity.com/administration-haldwani.php?page=6&cat=Government%20Office&subcat=,"Railway GRP Kathgogam",NULL,Kathgodam,05946-266640,NULL,NULL,NULL
http://haldwanicity.com/administration-haldwani.php?page=6&cat=Government%20Office&subcat=,"Regional Food Controller Office",NULL,"Navin Mandi, Bareilly Road",05946-246046,NULL,NULL,NULL
http://haldwanicity.com/administration-haldwani.php?page=6&cat=Government%20Office&subcat=,"Regional Transport Officer",NULL,"RTO Road Haldwani Uttarakhand",5946-260207,NULL,NULL,NULL
http://haldwanicity.com/administration-haldwani.php?page=6&cat=Government%20Office&subcat=,"Roadways Bus Stand",NULL,"Nainital Road",05946-267696,NULL,NULL,NULL
http://haldwanicity.com/administration-haldwani.php?page=6&cat=Government%20Office&subcat=,S.D.M.,NULL,Haldwani,05946-220458,NULL,NULL,NULL
http://haldwanicity.com/administration-haldwani.php?page=6&cat=Government%20Office&subcat=,"Sessions House",NULL,"Administrative Complex of High Court of Uttranchal.",05946-222094,NULL,NULL,NULL
http://haldwanicity.com/administration-haldwani.php?page=6&cat=Government%20Office&subcat=,"Shetra Samiti Vikas Khand",NULL,"Uchapul, Kaladhungi Road",NULL,NULL,NULL,NULL
http://haldwanicity.com/administration-haldwani.php?page=6&cat=Government%20Office&subcat=,"Superintendent of Police,",NULL,"Bareilly Road",05946-235730,NULL,NULL,NULL
http://haldwanicity.com/administration-haldwani.php?page=6&cat=Government%20Office&subcat=,Tehsil,NULL,"near Roadway bus stand",05946-222094,NULL,NULL,NULL
http://haldwanicity.com/administration-haldwani.php?page=6&cat=Government%20Office&subcat=,"Teja Singh Bhasin & Brothers Petrol Pumps",NULL,"Nainital Road Bhotia Parao",05946-222045,NULL,NULL,NULL
http://haldwanicity.com/administration-haldwani.php?page=7&cat=Government%20Office&subcat=,"Treasury Officer",NULL,"Behind Tehsil, Nainital road",05946-255999,NULL,NULL,NULL
http://haldwanicity.com/administration-haldwani.php?page=7&cat=Government%20Office&subcat=,"TV Relay Centre",NULL,Haldwani,05946-251307,NULL,NULL,NULL
http://haldwanicity.com/administration-haldwani.php?page=7&cat=Government%20Office&subcat=,"Uttranchal Jal Sansthan",NULL,"Near Tikonia Nainital Road",05946-220776,NULL,NULL,NULL
http://www.haldwanicity.com/constructor-haldwani.php?cat=Constructors,"Architect 9",NULL,"old ITI Bareilly Road, Haldwani, Uttarakhand 263139","098 18 627284","architects Services in Haldwani",NULL,NULL
http://www.haldwanicity.com/constructor-haldwani.php?cat=Constructors,"DECOR STUDIO & R K CREATIONS",NULL,"Old Dhan Mill, Bareilly Road Haldwani","07607770970, 09927306104","Architect, Interior Design & Decoration, Interior furnishing, Modular Kitchen, Modern Furniture, Civil Construction with Modern Design, House Elevation, Exterior Design, Project Management,",www.sparshinterio.com,NULL
http://haldwanicity.com/insurance-haldwani.php,"ICICI Prudential - Surendra Bora",NULL,"D-3 , 2nd Floor, Ist Block ,Durga City Centre, Haldwani",9720001147,NULL,www.iciciprulife.com,NULL
http://haldwanicity.com/insurance-haldwani.php,"India Bulls Financial Services",NULL,"Phase III, Hall No. 1 - 2, Durga City Centre, Bhotia Parao. haldwani","0124-4572444 (CC)",NULL,NULL,NULL
http://haldwanicity.com/insurance-haldwani.php,LIC,NULL,"Near Hydel Gate, Shesh Mahal, Nainital Road","05946 - 253569",NULL,www.licindia.com,NULL
http://haldwanicity.com/insurance-haldwani.php,"Loan @ HDFC",NULL,"Thandi Sadak, Near Beersheba School, Nainital Road Haldwani",05946-311000,NULL,NULL,NULL
http://haldwanicity.com/insurance-haldwani.php,"Max New York",NULL,"Hall No. 1, 3rd Floor,Durga City Centre, Nainital Road",05946-300000,NULL,www.maxnewyorklife.com,NULL
http://haldwanicity.com/insurance-haldwani.php,"Reliance Life",NULL,"HD 03, Durga City Center, Bhotia parao, Nanital Road",05946-311908,NULL,www.reliancelife.co.in,NULL
http://haldwanicity.com/insurance-haldwani.php,"SBI Life",NULL,"3rd Floor, Durga City Centre, Bhotia Parav, Nainital Road",05946-283467,NULL,www.sbilife.co.in,NULL
http://haldwanicity.com/tax-haldwani.php?cat=Tax,"Hirdish Gupta",NULL,"Sarna Kothi, Civil Line, Haldwani",9411537283,"Income tax return, Service tax return, TDS return filing",NULL,NULL
http://haldwanicity.com/tax-haldwani.php?cat=Tax,"Umed Singh Bisht",NULL,"Bithoria No.-1, Haldwani",9410733084,"Income tax return, Service tax return, TDS return filing",NULL,NULL
http://haldwanicity.com/lawyer.php?cat=lawyer,"R.K. Gautam & Co.",NULL,"Lane No.-4-I, Ambica Vihar, Near Amrapali Hotel, Nainital Road, Haldwani",9760540642,"All type of tax matters to variety of clientele",NULL,NULL
http://haldwanicity.com/lpg-agency-haldwani.php,"Bharat Gas (Chaudhary Gas Agencies)",NULL,"Guru Nanak Market,Haldwani.","05946-220984, 05946-220410",NULL,NULL,NULL
http://haldwanicity.com/lpg-agency-haldwani.php,"H.P. Gas",NULL,"Kaladhungi Road, Kusumkhera,Haldwani",05946-284256,NULL,NULL,NULL
http://haldwanicity.com/lpg-agency-haldwani.php,"Haldwani Gas Service",NULL,"Bhola Nath Garden, Haldwani.",05946-254383,NULL,NULL,NULL
http://haldwanicity.com/lpg-agency-haldwani.php,"Indane Gas Service",NULL,"Sheeshamhal, Kathgodam",05946-266241,NULL,NULL,NULL
http://haldwanicity.com/postoffices-haldwani.php,"Head Post Office",NULL,"Roadway Station, Haldwani. 263139","05946-250142, 250144",NULL,NULL,NULL
http://haldwanicity.com/postoffices-haldwani.php,"Post Office",NULL,"Kathgodam, haldwani, Nainital District 263126",NULL,NULL,NULL,NULL
http://haldwanicity.com/postoffices-haldwani.php,"Post Office",NULL,"Bhotia Parao 263141",NULL,NULL,NULL,NULL
http://haldwanicity.com/postoffices-haldwani.php,"Post Office",NULL,"Near Sabzi Mandi 263139",NULL,NULL,NULL,NULL
http://haldwanicity.com/postoffices-haldwani.php,"Post Office",NULL,"Damuadhunga 263126",NULL,NULL,NULL,NULL
http://haldwanicity.com/postoffices-haldwani.php,"Post Office",NULL,"Kaladhungi 263140",NULL,NULL,NULL,NULL
http://haldwanicity.com/schools-haldwani.php?bd=C.B.S.E.%20Board,"ANANDA ACADEMY (CAMARADRIE School)- Nur. - VIII",NULL,"Daharia , Near IIT, Anchal Floor Mill, Rampur Road Haldwani","05946-234139, 9358671369",NULL,NULL,NULL
http://haldwanicity.com/schools-haldwani.php?bd=C.B.S.E.%20Board,"Aryaman Vikram Birla Institute of Learning",NULL,"Devalchaur, Rampur Road",05946-235488,NULL,NULL,NULL
http://haldwanicity.com/schools-haldwani.php?bd=C.B.S.E.%20Board,"Beersheba Senior Secondary School",NULL,"Near Sourav Hotel,Nainital Road.",05946-223030,NULL,NULL,NULL
http://haldwanicity.com/schools-haldwani.php?bd=C.B.S.E.%20Board,"DAV Centenary Public School",NULL,"Near R.T.O Office, Haldwani.",05946-260351,NULL,NULL,NULL
http://haldwanicity.com/schools-haldwani.php?bd=C.B.S.E.%20Board,"Don Bosco School",NULL,"Beri Parao",05946-232178,NULL,NULL,NULL
http://haldwanicity.com/schools-haldwani.php?bd=C.B.S.E.%20Board,"Inspiration Senior Secondary School",NULL,"Polysheet, Kathgodam",05946-222252,NULL,NULL,NULL
http://haldwanicity.com/schools-haldwani.php?bd=C.B.S.E.%20Board,"Jim Corbett School",NULL,"Polysheet, Tehri Pulia",05946-222325,NULL,NULL,NULL
http://haldwanicity.com/schools-haldwani.php?bd=C.B.S.E.%20Board,"KVM Public School",NULL,"336/2, Heera Nagar, Haldwani.","05946-254456, 9219632339",NULL,NULL,NULL
http://haldwanicity.com/schools-haldwani.php?bd=C.B.S.E.%20Board,"Maharshi Vidya Mandir",NULL,"Rampur Road",05946-234564,NULL,NULL,NULL
http://haldwanicity.com/schools-haldwani.php?bd=C.B.S.E.%20Board,"Nirmala Convent Senior Seconday School",NULL,"Shishmahal, Kathgodam.",05946-266108,NULL,NULL,NULL
http://haldwanicity.com/schools-haldwani.php?page=2&bd=C.B.S.E.%20Board,"Pratibha Vikas High School",NULL,"Avas Vikas, Near Hotel Sourabh Mountview",05946-222332,NULL,NULL,NULL
http://haldwanicity.com/schools-haldwani.php?page=2&bd=C.B.S.E.%20Board,"Queens Public Senior Secondary School",NULL,"Near Sourav Hotel,Nainital Road","05946-281672, 222137",NULL,NULL,NULL
http://haldwanicity.com/schools-haldwani.php?page=2&bd=C.B.S.E.%20Board,"Sacred Heart Senior Secondary School",NULL,"Near Water Tank, Malli Bamori","05946-221685, 9412086858","Affiliated to C.B.S.E New Delhi",NULL,NULL
http://haldwanicity.com/schools-haldwani.php?page=2&bd=C.B.S.E.%20Board,"Sri Guru Teg Bahadur Higher Sec. School",NULL,"Civil Lines, Nainital Road",05946-222419,NULL,NULL,NULL
http://haldwanicity.com/schools-haldwani.php?page=2&bd=C.B.S.E.%20Board,"St. Pauls Senior Secondary School",NULL,"Shishmahal ,Kathgodam","05946 - 266152 ,266151",NULL,NULL,NULL
http://haldwanicity.com/schools-haldwani.php?page=2&bd=C.B.S.E.%20Board,"St. Theresa Senior Secondary School",NULL,"Shishmahal, Kathgodam",05946-266806,NULL,NULL,NULL
http://haldwanicity.com/schools-haldwani.php?page=2&bd=C.B.S.E.%20Board,"Tikku Modern Higher Secondary School",NULL,"G.B.Pant Marg Civil line Haldwani",05946-222150,NULL,NULL,NULL
http://haldwanicity.com/ukboard-schools-haldwani.php?bd=U.K%20Board,"G.G.I.C Banbhulpura",NULL,"Line No 17 Azad Nagar, Banbhulpura Haldwani",05946-253859,NULL,NULL,NULL
http://haldwanicity.com/ukboard-schools-haldwani.php?bd=U.K%20Board,"Girls Rajkiya Inter College Haldwani",NULL,"Line No.17, Banbhulpura, Haldwani",05946-253895,NULL,NULL,NULL
http://haldwanicity.com/ukboard-schools-haldwani.php?bd=U.K%20Board,"Govt. inter college",NULL,"Devalchaur, Haldwani.",05946-235917,NULL,NULL,NULL
http://haldwanicity.com/ukboard-schools-haldwani.php?bd=U.K%20Board,"Khalsa National Girls Inter College",NULL,"Bhotia Parav, Haldwani",05946-222119,NULL,NULL,NULL
http://haldwanicity.com/ukboard-schools-haldwani.php?bd=U.K%20Board,"Lalit Arya Girls Inter College",NULL,"Railway Bazar, Haldwani",05946-250303,NULL,NULL,NULL
http://haldwanicity.com/ukboard-schools-haldwani.php?bd=U.K%20Board,"Mahatma Gandhi Inter College",NULL,"Near Medical College, Haldwani",05946-252024,NULL,NULL,NULL
http://haldwanicity.com/ukboard-schools-haldwani.php?bd=U.K%20Board,"Moti Ram Babu Ram Inter College",NULL,"Bhotia Parav, Haldwani",05946-220112,NULL,NULL,NULL
http://haldwanicity.com/ukboard-schools-haldwani.php?bd=U.K%20Board,"Nagar Palika Inter Collage Kathgodam",NULL,"N.P.Inter Collage, Kathgodam.",05946-266276,NULL,NULL,NULL
http://haldwanicity.com/ukboard-schools-haldwani.php?bd=U.K%20Board,"Pratibha Vikas Public School",NULL,"G.B.Pant Marg ,Civil Line, Haldwani.",05946-222332,NULL,NULL,NULL
http://haldwanicity.com/play-schools-haldwani.php?bd=Play%20School,"Children's Academy",NULL,"Halduchaur,Haldwani, Nainital","05946-329389, 09897061796",NULL,NULL,NULL
http://haldwanicity.com/play-schools-haldwani.php?bd=Play%20School,"Dikshant International",NULL,"Amarawati Colony Talli Bamori",9719050100,NULL,NULL,NULL
http://haldwanicity.com/play-schools-haldwani.php?bd=Play%20School,"Kidz World",NULL,"Amrawati Colony,Talli Bamori","05946-284037, 09719743819",NULL,NULL,NULL
http://haldwanicity.com/play-schools-haldwani.php?bd=Play%20School,Kidzee,NULL,"Talli Bamori, Laldath","05946-281221, 9358662543",NULL,NULL,NULL
http://haldwanicity.com/play-schools-haldwani.php?bd=Play%20School,"National Public School",NULL,"Kaladhunghi Road Kusumkhera Haldwani","05946-260109, 9359412593","English Medium , Nursery to X",NULL,NULL
http://haldwanicity.com/play-schools-haldwani.php?bd=Play%20School,"Pearl Unique Pre Nursary School",NULL,"Padma Vihar, Near Ganpati Banquet","9837206413 ,9412039553",NULL,NULL,NULL
http://haldwanicity.com/play-schools-haldwani.php?bd=Play%20School,"Shem Rock Cameo",NULL,"Near Balaji Apartment,, Sijwali Complex, Laldath Road Haldwani -Nainital","+91-9219410400, +91-9758164637",NULL,NULL,cameo@shemrock.com
http://haldwanicity.com/play-schools-haldwani.php?bd=Play%20School,"Tikku Modern Play School",NULL,"Near Sourab Hotel, Nainital Road",05946-222150,NULL,NULL,NULL
http://haldwanicity.com/coaching-haldwani.php?page=2&bd=Coaching%20Institute,"Shaurya Academy",NULL,"Canal Road Tikonia Haldwani","+91-9759024833, 9719283374, 9719268437","NDA, CDS, AC, ACC, CPAF, CG, Air Force, Army, Navy.",NULL,NULL
http://haldwanicity.com/coaching-haldwani.php?page=2&bd=Coaching%20Institute,"TARAGI CLASSES",NULL,"Arjun Complex, Kaladhungi Road Haldwani","9412410626, 05946-263708","Coaching Classes for IIT, PMT & XI, XII",NULL,NULL
http://haldwanicity.com/coaching-haldwani.php?page=2&bd=Coaching%20Institute,"TRIPLE - J",NULL,"Chhoti Mukhani, Dayal Colony Haldwani Uttarakhand","9837390155, 05946-264315","(IIT, PMT & XI, XII)",NULL,NULL
http://haldwanicity.com/coaching-ias-haldwani.php?bd=Coaching%20ias,"AIM-IAS STUDY CIRCLE",NULL,"Sumitra Sadan, Do Naharia Haldwani",9411540121,"IAS,PCS,SSC, LT,BANK,Uttarakhand Police,NET (History)",NULL,NULL
http://haldwanicity.com/coaching-ias-haldwani.php?bd=Coaching%20ias,"CAPE COMORIN",NULL,"opp. gali No.7, Adash nagar Mukhani Haldwani.",9410718812,"Bank, SSC & Oneday class competition",NULL,"e.m. capcomorin@gmail.com"
http://haldwanicity.com/coaching-ias-haldwani.php?bd=Coaching%20ias,"Career Blitz",NULL,"Pragti Market, Kaladhungi Road, Opp. Axis Bank ATM, Mukhani Haldwani","9720330306, 8394988886","Coaching for Bank PO, SSC, CAT, NDA, CDS",NULL,NULL
http://haldwanicity.com/coaching-ias-haldwani.php?bd=Coaching%20ias,"DEVGURU EDUCATION ACADEMY",NULL,"Kusumkhera Chauraha Near Hanuman Mandir Haldwani","9719266586, 09756139242","(C.SAT,LT,NET,SSC,Group C,UKSI & All Oneday Exams)",NULL,NULL
http://haldwanicity.com/coaching-ias-haldwani.php?bd=Coaching%20ias,"Disha Coaching Institute",NULL,"H. No.-3-185, Indrajeet Garden, Bhotia Parao Haldwani Uttarakhand",8979273456,"Bank PO/Clerks/SSC (All Levels) /CAT/MAT/CLAT",NULL,NULL
http://haldwanicity.com/coaching-ias-haldwani.php?bd=Coaching%20ias,"Excellent Classes for all Subjects & Classes",NULL,"Near New Montessori School Kusumkhera Chouraha Haldwani","9761896279, 8899048103","Uttarakhand PCS, Bank PO, SSC, Railways, LT, B.Ed, TET,Group C, Navoday, Sainik School Ghodakhal, Polytecnic, Nayab Tahseeldar & all Competition Exams",NULL,NULL
http://haldwanicity.com/coaching-ias-haldwani.php?bd=Coaching%20ias,"Fortune Classes (All Oneday Exams,Bank PO, SSC,DLEd, B.Ed. Entrance,Police Inspector Exams)",NULL,"RK Tent House Road Kusumkhera Haldwani Uttarakhand","9045782052, 9359817565","All Oneday Exams,Bank PO, SSC,DLEd, B.Ed. Entrance,Police Inspector Exams",NULL,NULL
http://haldwanicity.com/coaching-ias-haldwani.php?bd=Coaching%20ias,"Foundation Institute",NULL,"Durga City Centre IIIrd Floor, Opp. Global English Speaking Institute Haldwani","9458177734, 7351002179,","Civil Exams,IAS,PCS,SSC,Group C,TET,Police Exams",NULL," e-mail:foundationias@gmail.com"
http://haldwanicity.com/coaching-ias-haldwani.php?bd=Coaching%20ias,"INSTITUTE OF SARAL STUDIES",NULL,"Jagdamba Nagar, Opp. Nagar Palika Market Haldwani","9219427567, 9568772222, 7535875000","Coaching Classes for CA, CS, CWA",NULL,NULL
http://haldwanicity.com/coaching-ias-haldwani.php?bd=Coaching%20ias,"Jeet IAS",NULL,"Durga City Centre Behind IDBI Bank, Haldwani Uttarakhand","99,275,183,559,837,900,000","Course Offered IAS,PCS,Bank SSC,SI",NULL,NULL
http://haldwanicity.com/coaching-ias-haldwani.php?page=2&bd=Coaching%20ias,"Krishna IAS Academy (Run By Vinod Kumar Tiwari)",NULL,"Durga City Centre, Above Axis Bank Haldwani","9084015333, 9720620893, 8004631399","IAS, PCS, SSC, Bank PO, NDA, CDS, Group C etc",NULL,NULL
http://haldwanicity.com/coaching-ias-haldwani.php?page=2&bd=Coaching%20ias,"National Banking Academy - Haldwani",NULL,"Near MBPG College, Above Easy day Nainital Road Haldwani",8859966778," (Available on whatsapp) Bank, SSC, Railway & all Competitive exams (NBA No.1 institute for Bank & SSC)",NULL,NULL
http://haldwanicity.com/coaching-ias-haldwani.php?page=2&bd=Coaching%20ias,"Nikumbh IAS INSTITUTE",NULL,"Gas Godam Chauraha Near Central Hospital Haldwani","9927304091, 8755070750"," ( By - Nikumbh & Upadhyay Sir) IAS, PCS, GS, CSAT, LT, NT, Group C, VDO & Other Exams Preparation.",NULL,NULL
http://haldwanicity.com/coaching-ias-haldwani.php?page=2&bd=Coaching%20ias,"Shiva IAS Academy",NULL,"Behind Hotel Devashish Nainital Road, Haldwani","8859906367, 8650648441","IAS, PCS, General Studies, CSAT, others SSC, CTET, Group C, UKSI",NULL,NULL
http://haldwanicity.com/english-coaching-haldwani.php?bd=English%20Institute,"English Edge Institute - Speak English",NULL,"Opp. Kurmanchal Bank, Mukhani Chauraha, Haldwani,Uttarakhand","8938942324, 9219529442"," (By Nikhil Kalra) Basic & Advance, separate batches for English & Hindi medium - Attend Free Demo Classes",NULL,NULL
http://haldwanicity.com/english-coaching-haldwani.php?bd=English%20Institute,"FUTURE FOUNDATION",NULL,"Talli Bamori, Near Khatoo Shyam Mandir, Mukhani Haldwani- Nainital",7409244447,"Personality Development & English Speaking Courses",NULL,NULL
http://haldwanicity.com/english-coaching-haldwani.php?bd=English%20Institute,"Metamorphosis ( Run By Nagendra S. Gangola )",NULL,"Milan Niwas, Behind Degree College, 1st lane after Big Mo's Restaurant, Johar Nagar, Bhotia Parao, Haldwani","7417566874, 05946220059","Net English Literature & JRF,LT,PD Classes,Corporate Trainings,Courses for competitive exams.",NULL,NULL
http://haldwanicity.com/english-coaching-haldwani.php?bd=English%20Institute,"PCI Academy English Speaking Institute",NULL,"Near to Gas Godown Chauraha, Behind Central Hospital, Ekta Vihar Phase - 3, Kusumkhera, Haldwani, Nainital, Uttarakhand",-9917126908,NULL,NULL,NULL
http://haldwanicity.com/computer-coaching-haldwani.php?bd=Computer%20Institute,"AITS Computer Education - (Govt. of India, ISO Certified Institution)",NULL,"8-409/1 Heera Nagar, Near Utthan Manch Haldwani Uttarakhand","9837457912, 9927099426","Basic Computer, HTML, Java, Internet, DTP, Tally",NULL,aits.computereducation2008@gmail.com
http://haldwanicity.com/computer-coaching-haldwani.php?bd=Computer%20Institute,"Animation & VFX Institute:- Maya Academy of Advanced Cinematics MAAC",NULL,"Mukhani Road, Haldwani",7535841842,"MAAC is a well-known Animation Academy that conducts training in 3D Animation & VFX.",NULL,NULL
http://haldwanicity.com/computer-coaching-haldwani.php?bd=Computer%20Institute,"COMPUSOFT - Computer Classes",NULL,"K C Villa, lane no.2 Rampur Road Haldwani",9639702178,"(Akanksha Agarwal)BCA, MCA, B.Tech(CS),MS Office,DOT NET, HTML & CSS,ORACLE,JAVA,VISUAL BASIC,C++, PYTHON and All subject tuition for classes I to VIII",NULL,NULL
http://haldwanicity.com/computer-coaching-haldwani.php?bd=Computer%20Institute,"FUTURE FOUNDATION",NULL,"1st floor ganga gaytri tower near v mart kaladhungi road Haldwani- Nainital",7409244447,"computer hardware,laptop repairing,chip level laptop,desktop repairing and basic computer tally web designing",NULL,NULL
http://haldwanicity.com/computer-coaching-haldwani.php?bd=Computer%20Institute,"NIIT Computer Institute",NULL,"Behind Stadium, Badripura Haldwani, Uttarakhand 263139","05946 280 036","NIIT Computer Education Institute",NULL,NULL
http://haldwanicity.com/computer-coaching-haldwani.php?bd=Computer%20Institute,"Pacific Training Institute",NULL,"Unchapul kaladhungi Road Haldwani",9837420003,"(Prakash Singh Mehta)Courses : DACS, CACS, CAFA, CDTP, CCH, CCA, DIT, DBC, DCT & Web Designing",NULL,NULL
http://haldwanicity.com/colleges-haldwani.php?bd=College,"Aditya College (International Institute of Fashion Design)",NULL,"old uttarakhand open university, kaladhungi road Haldwani",9720180402,"International Institute of Fashion Design",NULL,NULL
http://haldwanicity.com/colleges-haldwani.php?bd=College,"AIM (Institute of Hotel Management & Aviation)",NULL,"Bareilly Road, Goraparao, Haldwani, Nainital","7351720222, 7351820222","Hotel Management & Aviation Institute",NULL,NULL
http://haldwanicity.com/colleges-haldwani.php?bd=College,"Animation & VFX Institute:- Maya Academy of Advanced Cinematics MAAC",NULL,"Mukhani Road, Haldwani",7535841842,"MAAC is a well-known Animation Academy that conducts training in 3D Animation & VFX.",NULL,NULL
http://haldwanicity.com/colleges-haldwani.php?bd=College,"Dream Shapers Institute of Management Studies",NULL,"Top Floor, Durga City Centre","05946-283396, 9412102967","Diploma Courses for Retail & Hotel Management",NULL,NULL
http://haldwanicity.com/colleges-haldwani.php?bd=College,"DVS INSTITUTE - Distance/Regular Courses from UGC-DEC-AICTE Approved University",NULL,"H. No.-209A, Radhikakunj, Officers Colony, Canal Road, Tikonia, Haldwani Nainital Uttarakhand","9997445410, 8909230563","All UG,PG,Diploma, PG Diploma & Technical Courses etc",NULL,NULL
http://haldwanicity.com/colleges-haldwani.php?bd=College,"Government Girls Degree College",NULL,"Nawabi Road Haldwani Nainital","05946-284518, 05946-222225","Girls Degree College, Haldwani (Nainital)",NULL,NULL
http://haldwanicity.com/colleges-haldwani.php?bd=College,IGNOU,NULL,"COORDINATOR, M.B.P.G. College",05946-224300,"Courses : B.Ed., M.Ed. MBA, BBA, MCA, BCA",NULL,NULL
http://haldwanicity.com/colleges-haldwani.php?bd=College,"Infusion college of Science & Technology",NULL,"ICST, Amrawati colony, Tally Bamori",05946-282288,NULL,NULL,NULL
http://haldwanicity.com/colleges-haldwani.php?bd=College,"Jai Arihant Institute.",NULL,"Near Old I.T.I Bareilly Road","05946-245404, 9927945000",NULL,NULL,NULL
http://haldwanicity.com/colleges-haldwani.php?bd=College,"M.B.P.G.Degree College",NULL,"Nainital Road Haldwani",05946-222017,"Motiram Baburam Government Post Graduate (MBGPG) College, Haldwani, is a leading institution of higher education",NULL,NULL
http://haldwanicity.com/admission-haldwani.php?bd=admission,"Education Hub",NULL,"Near Bajrang Hero Showroom, Rampur Road Haldwani, Nainital Uttarakhand","9627457289, 8865091669","Deals in all Types of Admission & A to Z Education Solution",NULL,NULL
http://haldwanicity.com/fashion-coaching-haldwani.php?bd=Fashion%20Institute,"Aditya College (International Institute of Fashion Design)",NULL,"old uttarakhand open university, kaladhungi road Haldwani",9720180402,"Diploma in Fashion Designing, JOIN INIFD Haldwani & Secure your future : Inter National Institute of Fashion Design (INIFD), the world's largest Design Institute with over 180 centres.",NULL,NULL
http://haldwanicity.com/fashion-coaching-haldwani.php?bd=Fashion%20Institute,"Cambridge Air Hostess Academy",NULL,"Near Degree College, Nainital Road.",9897031252,NULL,NULL,NULL
http://haldwanicity.com/fashion-coaching-haldwani.php?bd=Fashion%20Institute,"Aditya College (International Institute of Fashion Design)",NULL,"old uttarakhand open university, kaladhungi road Haldwani",9720180402,"Diploma in Fashion Designing, JOIN INIFD Haldwani & Secure your future : Inter National Institute of Fashion Design (INIFD), the world's largest Design Institute with over 180 centres.",NULL,NULL
http://haldwanicity.com/fashion-coaching-haldwani.php?bd=Fashion%20Institute,"Cambridge Air Hostess Academy",NULL,"Near Degree College, Nainital Road.",9897031252,NULL,NULL,NULL
http://haldwanicity.com/fashion-coaching-haldwani.php?bd=Fashion%20Institute,"Aditya College (International Institute of Fashion Design)",NULL,"old uttarakhand open university, kaladhungi road Haldwani",9720180402,"Diploma in Fashion Designing, JOIN INIFD Haldwani & Secure your future : Inter National Institute of Fashion Design (INIFD), the world's largest Design Institute with over 180 centres.",NULL,NULL
http://haldwanicity.com/fashion-coaching-haldwani.php?bd=Fashion%20Institute,"Cambridge Air Hostess Academy",NULL,"Near Degree College, Nainital Road.",9897031252,NULL,NULL,NULL
http://haldwanicity.com/hostels-haldwani.php?bd=Hostel,"K.D. PAYING GUEST & BOYS HOSTEL",NULL,"Nawabi Road, Near Essar Petrol Pump Haldwani","9759712985, 9335147191, 8859907550","All modern facility available",NULL,NULL
http://haldwanicity.com/hostels-haldwani.php?bd=Hostel,"KESARI PG & BOYS HOSTEL",NULL,"Saktipuram Gali, Nawabi Road, Haldwani (Nainital)","9837193990, 8881428388","All Modern Facilities available for Boys.",NULL,NULL
http://haldwanicity.com/hostels-haldwani.php?bd=Hostel,"Naagar's PG/ Hostel (Boys & Girls)",NULL,"Savitri Colony, Opp. Laxmi Shishu mandir School, Bareilly road Haldwani Nainital","9761788882, 8057671211","All Modern Facilities available",NULL,NULL
http://haldwanicity.com/hostels-haldwani.php?bd=Hostel,"Naman Girls PG",NULL,"Behind MBPG College, Durga City Centre, Near NCC Quarter, Johar Nagar, Bhotia Parao, Haldwani","7417915024, 8859530107, 9410780007","Only for Girls (Coaching, College)",NULL,NULL
http://haldwanicity.com/hostels-haldwani.php?bd=Hostel,"NARAYANI GIRL'S HOSTEL (With Full Homely Facilities)",NULL,"Basant Vihar, Chhoti Mukhani, Haldwani.","9568591477, 9927519497",NULL,NULL,NULL
http://haldwanicity.com/hostels-haldwani.php?bd=Hostel,"Petals Girls PG",NULL,"Block B, C 24, Ganga Enclave, Behind Mahila Degree College, Nawabi Road, Haldwani.","+91 8449695600 or +91 8868866141","Best PG only for girls in Haldwani.",NULL,NULL
http://haldwanicity.com/hostels-haldwani.php?bd=Hostel,"VIBHU INN Hostel & PG",NULL,"Durga City Centre Haldwani",8057222999,"All modern facility available",NULL,NULL
http://haldwanicity.com/restaurants-haldwani.php?cat=Restaurants,"BIG MO'S CAF'E & Restaurant",NULL,"Behind Hotel Maharani, Bhotia Parao, Haldwani.","05946-224065, 8938940089, 9634060782","Please call us for Outdoor Caterings on any Events & Family Functions",NULL,NULL
http://haldwanicity.com/restaurants-haldwani.php?cat=Restaurants,"HOT CHOICE "" Chines Fast Food """,NULL,"Near St. Pauls Sr. Sec. School, Seeshmahal, Nainital Road,Haldwani.",8006506506,"Thukpa,Mo-mos,Burger,Spring roll,Manchurian Veg & Non-Veg",NULL,NULL
http://haldwanicity.com/restaurants-haldwani.php?cat=Restaurants,"Kapilaz Sweets & Restaurant",NULL,"Pilikoti, Kaladhungi Road Haldwani",05946-289549,NULL,NULL,NULL
http://haldwanicity.com/restaurants-haldwani.php?cat=Restaurants,"Nanak Restaurant",NULL,"Padmavati Tower Botiaparav, Haldwani.",05946-282228,NULL,NULL,NULL
http://haldwanicity.com/restaurants-haldwani.php?cat=Restaurants,"Shama Non-Vegetarian Restaurant",NULL,"Near Roadway Bus Stand Haldwani",05946-250569,NULL,NULL,NULL
http://haldwanicity.com/restaurants-haldwani.php?cat=Restaurants,"Sindhi Sweets & Restaurant",NULL,"Mangal Parao,Nainital Road Haldwani",05946-220300,NULL,NULL,NULL
http://haldwanicity.com/restaurants-haldwani.php?cat=Restaurants,"Standard Sweets & Restaurant",NULL,"Rampur Road ,Haldwani.",05946-220961,NULL,NULL,NULL
http://haldwanicity.com/service-haldwani.php?cat=Services,"G.T.D IT HUB COMPUTERS [secondhand laptop & desktop store (sales,service & repair)]",NULL,"45 punjabi colony satynarayan mandir gali(Behind Gurudwara)kaladhungi road haldwani",9557337777,"Deals in all kinds of secondhand laptops & computers (with 1years warranty) eg Pentium 4,douel core,core 2 doul,core i3,core i5 ,core i7 all types of computer and laptop available (new and old both)",NULL,NULL
http://haldwanicity.com/service-haldwani.php?cat=Services,"Mineral Water Services [Chearup]",NULL,"Volga Hotel, KMOU Station, Haldwani","9927050251,05946-250400","Drinking Water Suppliers in Haldwani(ISI Marked) 24*7 Home Delivery Service.",NULL,NULL
http://haldwanicity.com/service-haldwani.php?cat=Services,"TRIPLE 'A' MANAGEMENT SERVICES",NULL,"Karnatak Bhawan Sheesh Mahal, Nainital Road Kathgodam, Haldwani",8057912881-888,"Contact For Security & Manpower Services",NULL,NULL
http://haldwanicity.com/isp-haldwani.php?cat=ISP,"Sky Net Broadband",NULL,"1st floor, Nagar Palika Shopping Center, Tikonia, Nainital Road Haldwani","9690682301, 9690682103","A leading Internet service provider or Broadband Service provider",NULL,NULL
http://haldwanicity.com/isp-haldwani.php?cat=ISP,"Sky Net Broadband",NULL,"1st floor, Nagar Palika Shopping Center, Tikonia, Nainital Road Haldwani","9690682301, 9690682103","A leading Internet service provider or Broadband Service provider",NULL,NULL
http://haldwanicity.com/isp-haldwani.php?cat=ISP,"Sky Net Broadband",NULL,"1st floor, Nagar Palika Shopping Center, Tikonia, Nainital Road Haldwani","9690682301, 9690682103","A leading Internet service provider or Broadband Service provider",NULL,NULL
http://haldwanicity.com/isp-haldwani.php?cat=ISP,"Sky Net Broadband",NULL,"1st floor, Nagar Palika Shopping Center, Tikonia, Nainital Road Haldwani","9690682301, 9690682103","A leading Internet service provider or Broadband Service provider",NULL,NULL
http://haldwanicity.com/isp-haldwani.php?cat=ISP,"Sky Net Broadband",NULL,"1st floor, Nagar Palika Shopping Center, Tikonia, Nainital Road Haldwani","9690682301, 9690682103","A leading Internet service provider or Broadband Service provider",NULL,NULL
http://haldwanicity.com/isp-haldwani.php?cat=ISP,"Sky Net Broadband",NULL,"1st floor, Nagar Palika Shopping Center, Tikonia, Nainital Road Haldwani","9690682301, 9690682103","A leading Internet service provider or Broadband Service provider",NULL,NULL
http://haldwanicity.com/scentre-haldwani.php?cat=Scentre,"G.T.D IT HUB COMPUTERS [secondhand laptop & desktop store (sales,service & repair)]",NULL,"45 punjabi colony satynarayan mandir gali(Behind Gurudwara)kaladhungi road haldwani",9557337777,"Deals in all kinds of secondhand laptops & computers (with 1years warranty) eg Pentium 4,douel core,core 2 doul,core i3,core i5 ,core i7 all types of computer and laptop available (new and old both)",NULL,NULL
http://haldwanicity.com/scentre-haldwani.php?cat=Scentre,"HP Service Centre",NULL,"Shop No. 7, Opposite Old Bajpur Bus Stand, Nawabi Road, Near Old Bajpur Bus Stand Haldwani Uttarakhand, India.",05946-281041,"Service Centre : Laptops, Tablets, Desktops, Compaq Desktop PCs, Monitors, Printers, Ink, Toner, Scanners",NULL,NULL
http://haldwanicity.com/scentre-haldwani.php?cat=Scentre,"Karbonn Service Centre",NULL,"Nainital Road, Behind Obc Bank, Church Compound, Haldwani",9837458396,"Products Serviced : Mobile Phones, Smartphones, Android Phones, Windows Phone, Tablets.",NULL,NULL
http://haldwanicity.com/scentre-haldwani.php?cat=Scentre,"Micromax Mobile Service Center",NULL,"Church Compound, Near Oriental Bank, Nainital Road, Haldwani, Uttarakhand - 263139","05946-220185, 9837458396","service for products like Touch Phones, Smarthphones, Android Phones, Windows Phones, Tablets, Canvas Phones, Pixel, Bolt phones, Smarty 3.5, Ninja, Smarty 4.3, Datacard, Funbook, LED TV, LCD TV Toll free Number : 1860 5008 286",NULL,NULL
http://haldwanicity.com/scentre-haldwani.php?cat=Scentre,"Nokia Service Center",NULL,"Uttranchal Trade Center, Shop No.3, Tikonia, Haldwani- 263139, Uttarakhand","05946-310666, 9837038268","Servicing of all types of Nokia Handset.",NULL,NULL
http://haldwanicity.com/scentre-haldwani.php?cat=Scentre,"Samsung Mobile Service Centre",NULL,"Near Delhi Rubber Stamp,kala Dhungi, Mukhani Chauraha Haldwani","05946-254111, 324846","Samsung Mobile Phone, Tablet Galaxy Tab, Galaxy Note, Smartphone Galaxy S4, Galaxy S3, Galaxy Grand, Galaxy Series, Smart Feature Phones Rex Series, Dual Sim Phones, Qwerty Messaging Phone, CDMA Phone",NULL,NULL
http://haldwanicity.com/scentre-haldwani.php?cat=Scentre,"Sony Ericsson Service Center",NULL,"Fairdeal Agencies 1ST FLOOR, UTTARANCHAL TRADE CENTRE, TIKONIA, HALDWANI",05946-282116,"Servicing for products like Sony Xperia, W Series, K Series, S Series, Accessories-Stereo Bluetooth Headset, Adapters, Wireless Headsets, Stereo Headsets, Tablet � Xperia Tablet Series.",NULL,NULL
http://haldwanicity.com/scentre-haldwani.php?cat=Scentre,"Voltas AC Service Centre",NULL,"Opposite Municipal Board , Nanital Road Haldwani Uttarakhand, India.",9837490005,"Products Serviced by the Service Centre : Air conditioners,Chest coolers,Deep freezers,Visi coolers,Water coolers,Water dispensers",NULL,NULL
http://haldwanicity.com/hotels-haldwani.php?cat=Hotel,"Ashirwad Hotel",NULL,"Naya Bazar.",05946-255567,NULL,NULL,NULL
http://haldwanicity.com/hotels-haldwani.php?cat=Hotel,"Ashok Hotel",NULL,"Near Roadways Bus Stand.",05946-251292,NULL,NULL,NULL
http://haldwanicity.com/hotels-haldwani.php?cat=Hotel,"Garib Nawaz Hotel",NULL,"Tanakpur Road.",05946-254508,NULL,NULL,NULL
http://haldwanicity.com/hotels-haldwani.php?cat=Hotel,"Hotel Anand Lok",NULL,"Near Transport Nagar,Rampur Road.",05946-235962,NULL,NULL,NULL
http://haldwanicity.com/hotels-haldwani.php?cat=Hotel,"Hotel Kanta",NULL,"Kanta Complex, Mangal Parao, Bareilly Road.",05946-251990,NULL,NULL,NULL
http://haldwanicity.com/hotels-haldwani.php?cat=Hotel,"Hotel Karan",NULL,"Railway Bazar","05946-2250183, 251113",NULL,NULL,NULL
http://haldwanicity.com/hotels-haldwani.php?cat=Hotel,"Hotel Laxmi Narayan",NULL,"Naya Bazar.",05946-255333,NULL,NULL,NULL
http://haldwanicity.com/hotels-haldwani.php?cat=Hotel,"Hotel Nagpal Tower",NULL,"Mangal Parao, Bareilly Road.",05946-252395,NULL,NULL,NULL
http://haldwanicity.com/hotels-haldwani.php?cat=Hotel,"Hotel Narula",NULL,"Nainital Road Tikonia",05946-224459,NULL,NULL,NULL
http://haldwanicity.com/hotels-haldwani.php?cat=Hotel,"Hotel Natraj",NULL,"Kaladhungi Road.",05946-221180,NULL,NULL,NULL
http://haldwanicity.com/hotels-haldwani.php?page=2&cat=Hotel&subcat=,"Hotel New Ashok",NULL,"Rampur Road",05946-220231,NULL,NULL,NULL
http://haldwanicity.com/hotels-haldwani.php?page=2&cat=Hotel&subcat=,"Hotel Park Square",NULL,"Rampur Road, Near Panchayat Ghar","05946-234676, 09756914048,9012033332","Best Budget Hotel , For Instant Booking call @ 0",NULL,NULL
http://haldwanicity.com/hotels-haldwani.php?page=2&cat=Hotel&subcat=,"Hotel Prakash",NULL,"Near Ramleela Ground",05946-253023,NULL,NULL,NULL
http://haldwanicity.com/hotels-haldwani.php?page=2&cat=Hotel&subcat=,"Hotel President",NULL,"Sharda Market",05946-250365,NULL,NULL,NULL
http://haldwanicity.com/hotels-haldwani.php?page=2&cat=Hotel&subcat=,"Hotel Satya",NULL,"Meera Marg",05946-251001,NULL,NULL,NULL
http://haldwanicity.com/hotels-haldwani.php?page=2&cat=Hotel&subcat=,"Hotel Shri Krishna",NULL,"Sahukara Line",05946-250066,NULL,NULL,NULL
http://haldwanicity.com/hotels-haldwani.php?page=2&cat=Hotel&subcat=,"Jadjish Hotel",NULL,"Railway Bazar",05946-251145,NULL,NULL,NULL
http://haldwanicity.com/hotels-haldwani.php?page=2&cat=Hotel&subcat=,"Jai Guru Hotel",NULL,"Near Saras Marketing Centre, Nainital Road",05946-251435,NULL,NULL,NULL
http://haldwanicity.com/hotels-haldwani.php?page=2&cat=Hotel&subcat=,"Nanak Hotel",NULL,"Mangal Parao, Bareilly Road.",05946-252388,"Best hotel, Best Rates, For booking call @09690465570",NULL,NULL
http://haldwanicity.com/hotels-haldwani.php?page=2&cat=Hotel&subcat=,"OK Hotel",NULL,"Near Base Hospital,Sahukara Line.",05946-250170,NULL,NULL,NULL
http://haldwanicity.com/hotels-haldwani.php?page=3&cat=Hotel&subcat=,"Param Tourist Lodge",NULL,"Near Railway Station, Kathgodam",05946-329698,NULL,NULL,NULL
http://haldwanicity.com/hotels-haldwani.php?page=3&cat=Hotel&subcat=,"Santushti Hotel",NULL,"Nainital Road.",05946-222052,NULL,NULL,NULL
http://haldwanicity.com/hotels-haldwani.php?page=3&cat=Hotel&subcat=,"Shehnai Lodging",NULL,"Kaladhungi Road",05946-254578,NULL,NULL,NULL
http://haldwanicity.com/hotels-haldwani.php?page=3&cat=Hotel&subcat=,"Sourab Comfort Inn",NULL,"Awas Vikas, Nainital Road",05946-222371,NULL,NULL,NULL
http://haldwanicity.com/hotels-haldwani.php?page=3&cat=Hotel&subcat=,"Tourist Rest House",NULL,"Near Railway Station Kathgodam",05946-266090,NULL,NULL,NULL
http://haldwanicity.com/hotels-haldwani.php?page=3&cat=Hotel&subcat=,"White Ribecca & Janta Banquet",NULL,"Near Beersheba School, Nainital Road",05946-221878,NULL,NULL,NULL
http://haldwanicity.com/clothing-haldwani.php?cat=Apparels&subcat=Clothing,"Ansarari Cloth House",NULL,"Sharda Market",05946-251299,"Deals in all Types of Garments",NULL,NULL
http://haldwanicity.com/clothing-haldwani.php?cat=Apparels&subcat=Clothing,"Anshari Handlum",NULL,"Patel chook",9758493529,"Clothing, Wollen & Hoisery Garments",NULL,NULL
http://haldwanicity.com/clothing-haldwani.php?cat=Apparels&subcat=Clothing,Bahurani,NULL,"Sahurara Line",05946-251324,"Deals in all Types of Ladies Saries",NULL,NULL
http://haldwanicity.com/clothing-haldwani.php?cat=Apparels&subcat=Clothing,"Charlie Out Law",NULL,"Nainital Road",05946-325554,"Ready made garments, Wollen & Hoisery Garments",NULL,NULL
http://haldwanicity.com/clothing-haldwani.php?cat=Apparels&subcat=Clothing,"Chetriya Shri Gandhi Ashram",NULL,"Sahukara Line",05946-250133,"Deals in all Types of Clothing",NULL,NULL
http://haldwanicity.com/clothing-haldwani.php?cat=Apparels&subcat=Clothing,"Das Vastralay",NULL,"Bareilly Road",05946-252278,"Deals in all Types of Clothing",NULL,NULL
http://haldwanicity.com/clothing-haldwani.php?cat=Apparels&subcat=Clothing,"Fashion Gallery",NULL,"Kaladhungi Road",05946-282820,"Wollen & Hoisery Garments, Ready Made Garments",NULL,NULL
http://haldwanicity.com/clothing-haldwani.php?cat=Apparels&subcat=Clothing,"Fashion Paredan",NULL,"Patel Chowk",98971225331,"Deals in all Types of Garments",NULL,NULL
http://haldwanicity.com/clothing-haldwani.php?cat=Apparels&subcat=Clothing,"Lee Cooper",NULL,"Nainital Road Haldwani",05946-251048,"Ready made garments, Wollen & Hoisery Garments, Foot wear",NULL,NULL
http://haldwanicity.com/clothing-haldwani.php?cat=Apparels&subcat=Clothing,"Matching Center",NULL,"Patel Chowk",05946-250806,"Deals in all Types of Garments",NULL,NULL
http://haldwanicity.com/clothing-haldwani.php?page=2&cat=Apparels&subcat=Clothing,"Mitaro Ki Dukhan",NULL,"Naya Bazar",05946-250045,"Deals in all Types of Clothing",NULL,NULL
http://haldwanicity.com/clothing-haldwani.php?page=2&cat=Apparels&subcat=Clothing,"Naini Emporium",NULL,"Sharda Market",05946-255169,"Deals in all Types of Garments",NULL,NULL
http://haldwanicity.com/clothing-haldwani.php?page=2&cat=Apparels&subcat=Clothing,Saheli,NULL,"Chock Bazar",05946-251600,"Deals in all Types of Clothing",NULL,NULL
http://haldwanicity.com/clothing-haldwani.php?page=2&cat=Apparels&subcat=Clothing,"Sardar Sons Exclusive",NULL,"Sarda Market",05946-251048,"Wollen & Hoisery Garments, Ready made garments, Foot wear",NULL,NULL
http://haldwanicity.com/clothing-haldwani.php?page=2&cat=Apparels&subcat=Clothing,"Swarn Lal & Sons",NULL,"Naya Bazaar",05946-251478,"Deals in all Types of Clothing",NULL,NULL
http://haldwanicity.com/clothing-haldwani.php?page=2&cat=Apparels&subcat=Clothing,"Three Sons",NULL,"Sharda Market",06946-250033,"Wollen & Hoisery Garments",NULL,NULL
http://haldwanicity.com/clothing-haldwani.php?page=2&cat=Apparels&subcat=Clothing,Trendz,NULL,"Opp. Bank Of Baroda, Nainital Road",05946-281919,"Ready Made Garments, Unstitched Material",NULL,NULL
http://haldwanicity.com/clothing-haldwani.php?page=2&cat=Apparels&subcat=Clothing,"Universal Cloth House",NULL,"Khand Chand Market",05946-224497,"Deals in all Types of Clothing",NULL,NULL
http://haldwanicity.com/clothing-haldwani.php?page=2&cat=Apparels&subcat=Clothing,"Mitaro Ki Dukhan",NULL,"Naya Bazar",05946-250045,"Deals in all Types of Clothing",NULL,NULL
http://haldwanicity.com/clothing-haldwani.php?page=2&cat=Apparels&subcat=Clothing,"Naini Emporium",NULL,"Sharda Market",05946-255169,"Deals in all Types of Garments",NULL,NULL
http://haldwanicity.com/clothing-haldwani.php?page=2&cat=Apparels&subcat=Clothing,Saheli,NULL,"Chock Bazar",05946-251600,"Deals in all Types of Clothing",NULL,NULL
http://haldwanicity.com/clothing-haldwani.php?page=2&cat=Apparels&subcat=Clothing,"Sardar Sons Exclusive",NULL,"Sarda Market",05946-251048,"Wollen & Hoisery Garments, Ready made garments, Foot wear",NULL,NULL
http://haldwanicity.com/clothing-haldwani.php?page=2&cat=Apparels&subcat=Clothing,"Swarn Lal & Sons",NULL,"Naya Bazaar",05946-251478,"Deals in all Types of Clothing",NULL,NULL
http://haldwanicity.com/clothing-haldwani.php?page=2&cat=Apparels&subcat=Clothing,"Three Sons",NULL,"Sharda Market",06946-250033,"Wollen & Hoisery Garments",NULL,NULL
http://haldwanicity.com/clothing-haldwani.php?page=2&cat=Apparels&subcat=Clothing,Trendz,NULL,"Opp. Bank Of Baroda, Nainital Road",05946-281919,"Ready Made Garments, Unstitched Material",NULL,NULL
http://haldwanicity.com/clothing-haldwani.php?page=2&cat=Apparels&subcat=Clothing,"Universal Cloth House",NULL,"Khand Chand Market",05946-224497,"Deals in all Types of Clothing",NULL,NULL
http://haldwanicity.com/footwear-haldwani.php?cat=Apparels&subcat=Footwear,"Boot Wala",NULL,"Karkhana Bazar",05946-251017,"Deals in all Types of Footwear",NULL,NULL
http://haldwanicity.com/footwear-haldwani.php?cat=Apparels&subcat=Footwear,"K.K. Boot House",NULL,"Kidwai Nagar",05946-250525,"Deals in all Types of Footwear",NULL,NULL
http://haldwanicity.com/footwear-haldwani.php?cat=Apparels&subcat=Footwear,"KHADIM'S Footwear",NULL,"Opp. Degree College Near Krishna Hospital Thandi Sadak, Nainital Road Haldwani",8954444586,"Deals in all Types of Footwear",NULL,NULL
http://haldwanicity.com/footwear-haldwani.php?cat=Apparels&subcat=Footwear,"Ladies Collection",NULL,"Meera Marg, Near Hotel Satya",05946-251258,"Deals in all Types of Ladies Footwear",NULL,NULL
http://haldwanicity.com/footwear-haldwani.php?cat=Apparels&subcat=Footwear,"Liberty exclusive show room",NULL,"S no. 9 Guru Nanak Market",05946-222975,"Deals in Liberty Footwear",NULL,NULL
http://haldwanicity.com/footwear-haldwani.php?cat=Apparels&subcat=Footwear,"Modern Boot House",NULL,"Karkhana Bazaar",05946-255664,"Deals in all Types of Footwear",NULL,NULL
http://haldwanicity.com/footwear-haldwani.php?cat=Apparels&subcat=Footwear,Paduka,NULL,"Mangal Parao",05946-224447,"Deals in all Types of Footwear",NULL,NULL
http://haldwanicity.com/footwear-haldwani.php?cat=Apparels&subcat=Footwear,"Royal Boot House",NULL,"Patel Chowk",05946-250750,"Deals in all Types of Footwear",NULL,NULL
http://haldwanicity.com/footwear-haldwani.php?cat=Apparels&subcat=Footwear,"Shoe Kemp",NULL,"Karkhana Bazar",05946-250665,"Deals in all Types of Footwear",NULL,NULL
http://haldwanicity.com/two-vehicle-haldwani.php?cat=Vehicle&subcat=Two%20Wheeler,"Ambika TVS",NULL,"Tehri Pulia, Nainital Road",05946-283124,"TVS Bikes",NULL,NULL
http://haldwanicity.com/two-vehicle-haldwani.php?cat=Vehicle&subcat=Two%20Wheeler,"Ambika TVS",NULL,"Rampur Road",05946-234499,"TVS Bikes",NULL,NULL
http://haldwanicity.com/two-vehicle-haldwani.php?cat=Vehicle&subcat=Two%20Wheeler,"Bajrang Automobiles",NULL,"Rampur Road.",05946-234248,"Hero Honda Bikes",NULL,NULL
http://haldwanicity.com/two-vehicle-haldwani.php?cat=Vehicle&subcat=Two%20Wheeler,"Balaji Honda",NULL,"Navin Mandi, Barielly Road",05946-251546,"Honda Bikes & Scooters",NULL,NULL
http://haldwanicity.com/two-vehicle-haldwani.php?cat=Vehicle&subcat=Two%20Wheeler,"Dukhi Cycle Store",NULL,"Kaladhungi Crossing, Bareilly Road",05946-254479,"Atlas, Hero, Hercules Cycles Etc.",NULL,NULL
http://haldwanicity.com/two-vehicle-haldwani.php?cat=Vehicle&subcat=Two%20Wheeler,"Kamal Cycle Store",NULL,"Near Laksmi Cinema, Rampur Road",NULL,"Atlas, Hero, Hercules Cycles Etc.",NULL,NULL
http://haldwanicity.com/two-vehicle-haldwani.php?cat=Vehicle&subcat=Two%20Wheeler,"LML Global Aaditya Automobiles",NULL,"Rampur Road.",05946-234225,"LML Bikes",NULL,NULL
http://haldwanicity.com/two-vehicle-haldwani.php?cat=Vehicle&subcat=Two%20Wheeler,"Nagpal Bajaj",NULL,"Bareilly Road",05946-245135,"Bajaj Bikes & Scooters",NULL,NULL
http://haldwanicity.com/four-vehicle-haldwani.php?cat=Vehicle&subcat=Four%20Wheeler,"Bajrang Motors (Mahindra)",NULL,"Rampur Road.Road,Haldwani; Rampur Road; Kohli Building, Bareilly Road","05946-235899, 9997191411",NULL,NULL,bjm@teammahindramail.com
http://haldwanicity.com/four-vehicle-haldwani.php?cat=Vehicle&subcat=Four%20Wheeler,"Bhargava Motors",NULL,"Bareilly Road.",05946-245340,NULL,NULL,NULL
http://haldwanicity.com/four-vehicle-haldwani.php?cat=Vehicle&subcat=Four%20Wheeler,"Commercial Toyota",NULL,"Bareilly Road",05946-245490,NULL,NULL,NULL
http://haldwanicity.com/four-vehicle-haldwani.php?cat=Vehicle&subcat=Four%20Wheeler,"Eicher Motors Ltd.",NULL,"Bareilly Road",05946-245592,NULL,NULL,NULL
http://haldwanicity.com/four-vehicle-haldwani.php?cat=Vehicle&subcat=Four%20Wheeler,"Kavisha Motors Ltd.",NULL,"Bansi Kunj, Tikonia, Nainital Road",05946-283116,NULL,NULL,NULL
http://haldwanicity.com/four-vehicle-haldwani.php?cat=Vehicle&subcat=Four%20Wheeler,"Mega Motors",NULL,"Adj. PWD Inspection house, Nainital Road","05946-220588 / 227148 / 7149",NULL,NULL,megamotorscvd@yahoo.co.in
http://haldwanicity.com/four-vehicle-haldwani.php?cat=Vehicle&subcat=Four%20Wheeler,"Noble Motors (Chevrolet Spark)",NULL,"Bareilly Road, Moti Nagar Crossing, Haldwani.",9760800094,NULL,NULL,NULL
http://haldwanicity.com/four-vehicle-haldwani.php?cat=Vehicle&subcat=Four%20Wheeler,"PAL Ford",NULL,"Opp. to Transport Nagar,Rampur Road,Haldwani","05946 - 234777",NULL,NULL,atulverma@palford.in
http://haldwanicity.com/four-vehicle-haldwani.php?cat=Vehicle&subcat=Four%20Wheeler,"Sachin Hyundai",NULL,"Rampur Road","05946-221902, 9410171548",NULL,NULL,NULL
http://haldwanicity.com/four-vehicle-haldwani.php?cat=Vehicle&subcat=Four%20Wheeler,"Tata Motors (COMMERCIAL MOTORS)",NULL,"Kohli Building, Bareilly Road",05946-245130,NULL,NULL,NULL
http://haldwanicity.com/marble-haldwani.php?cat=Marbles,"AGARWAL SANITARY STORE (UTTARAKHAND TRADERS)",NULL,"Rampur Road, Near Volkswagon Showroom, Haldwani","05946-222749, 9927652817","leading Supplier of Tiles, Sanitaryware, Bath fittings, wellness & Spa.",NULL,NULL
http://haldwanicity.com/marble-haldwani.php?cat=Marbles,"AGARWAL SANITARY STORE (UTTARAKHAND TRADERS)",NULL,"Rampur Road, Near Volkswagon Showroom, Haldwani","05946-222749, 9927652817","leading Supplier of Tiles, Sanitaryware, Bath fittings, wellness & Spa.",NULL,NULL
http://haldwanicity.com/solar-haldwani.php?cat=Press,"Gangotri Solar Systems Pvt. Ltd.; SOLAR ENERGY SERVICES (NUETCH SOLAR)",NULL,"Near Primary school, bamori malli, laldath road haldwani uttarakhand; Shop No.11, Near Janlax Institute, canal road, Mukhani - Haldwani- Nainital","8859888819, 8859888820, 8859888821; 9719310202, 9759832398","Deals in solar water heater",NULL,NULL
http://haldwanicity.com/solar-haldwani.php?cat=Press,"Gangotri Solar Systems Pvt. Ltd.",NULL,"Near Primary school, bamori malli, laldath road haldwani uttarakhand","8859888819, 8859888820, 8859888821","Deals in solar water heater",NULL,NULL
http://haldwanicity.com/solar-haldwani.php?cat=Press,"SOLAR ENERGY SERVICES (NUETCH SOLAR)",NULL,"Shop No.11, Near Janlax Institute, canal road, Mukhani - Haldwani- Nainital","9719310202, 9759832398",NULL,NULL,NULL
http://haldwanicity.com/modular-haldwani.php?cat=Modular,"Bharat Modular Kitchen Furniture",NULL,"R.K. Tent House Road, Kusumkhera Haldwani","9837759625, 7500253786, 05946-260411","Modular kitchen, kitchen Accessories, Interior Decoration www.bharatmodularkitchen.com",NULL,NULL
http://haldwanicity.com/modular-haldwani.php?cat=Modular,"Classic Modular Kitchen",NULL,"Infront of Bhagwati Complex, Near Royal Petrol Pump, Kaladhungi Road Haldwani, Uttarakhand","9,837,508,666,893,800,000","Modular kitchen, Interior Decoration, Ne ff kitchen Accessories,Caps Chimney, Nasaka Water Purifier. www.classicmodularkitchen.com",NULL,NULL
http://haldwanicity.com/modular-haldwani.php?cat=Modular,"MSK Modular Kitchen",NULL,"Leela Tower Kaladhungi Rd, Kusumkhera, Haldwani, Uttarakhand",05946-284362,"Modular kitchen, kitchen Accessories, Interior Decoration",NULL,NULL
http://haldwanicity.com/modular-haldwani.php?cat=Modular,"Shivam Glass & Plywood",NULL,"Tehri Pulia, Nainital Road, Haldwani (Uttarakhand)","05946-223309, 282120","Plywood,Teak Ply, Imported Veneers, Shuttering Ply, Glass 3mm to 12 mm Thick ,Beveling, Etching, Stained Glass,Fancy Hardware, Modular Kitchen,Chimney, Wooden Flooring, Complete Ceiling Solutions",NULL,NULL
http://haldwanicity.com/malls-haldwani.php?cat=Malls,"V-Mart - Store; Vishal Mega Mart",NULL,"Opp. Mukhani Police Chowki, Kaladhungi Road, Haldwani-263139, Uttarakhand.; Pritam Tower Opposite, Naini Valley School Nainital Road, Nainital District, Haldwani, Uttarakhand","9368165995, 9205065510; +91-9358099553","V-Mart store by offering a vast range of products under one roof. www.vmart.co.in; Deals in Multi product store - apparel, electronics, food items and more. www.megamartstores.com",NULL,NULL
http://haldwanicity.com/malls-haldwani.php?cat=Malls,"V-Mart - Store",NULL,"Opp. Mukhani Police Chowki, Kaladhungi Road, Haldwani-263139, Uttarakhand.","9368165995, 9205065510","V-Mart store by offering a vast range of products under one roof. www.vmart.co.in",NULL,NULL
http://haldwanicity.com/malls-haldwani.php?cat=Malls,"Vishal Mega Mart",NULL,"Pritam Tower Opposite, Naini Valley School Nainital Road, Nainital District, Haldwani, Uttarakhand",-9358099462,"Deals in Multi product store - apparel, electronics, food items and more. www.megamartstores.com",NULL,NULL
http://haldwanicity.com/books-stationary-haldwani.php?cat=Books%20and%20Stationary,"Agarwal Book Depot",NULL,"Sadar Bazar",05946-251474,"All Kind of School and Competition Books",NULL,NULL
http://haldwanicity.com/books-stationary-haldwani.php?cat=Books%20and%20Stationary,"Anurag Stationars",NULL,"Rampur Road",05946-228387,"All Types of School Stationary",NULL,NULL
http://haldwanicity.com/books-stationary-haldwani.php?cat=Books%20and%20Stationary,"Arun Book Agencies",NULL,"M.B Inter College Gate",9897122494,"All Types of School Stationary",NULL,NULL
http://haldwanicity.com/books-stationary-haldwani.php?cat=Books%20and%20Stationary,"Bharat Book Depot",NULL,"Near Degree College, Nainital Road",05946-222420,"All Types of School Books & Stationary",NULL,NULL
http://haldwanicity.com/books-stationary-haldwani.php?cat=Books%20and%20Stationary,"BILLIONAIRE The Gaming Lounge",NULL,"H-4,1st Floor,Durga City Centre, Nainital Road, Haldwani",8755578999,"An Amazing Gaming Lounge with variety of Entertainment for kids & Family.",NULL,NULL
http://haldwanicity.com/books-stationary-haldwani.php?cat=Books%20and%20Stationary,"Competition Book House",NULL,"L-31,Durga City Centre",05946-306206,"All Kind of School and Competition Books",NULL,NULL
http://haldwanicity.com/books-stationary-haldwani.php?cat=Books%20and%20Stationary,"Consul Stationary Agency",NULL,"kaladhungi Crossing, Bareilly Road",05946-254177,"All Type of Stationary",NULL,NULL
http://haldwanicity.com/books-stationary-haldwani.php?cat=Books%20and%20Stationary,"Deep Stationars",NULL,"Bhawani Ganj, Near Laxmi Takies",05946-283100,"Book Seller ,Suppiler & Stationars",NULL,NULL
http://haldwanicity.com/books-stationary-haldwani.php?cat=Books%20and%20Stationary,"New Kumaon Book Depot",NULL,"Chorgalia Road",05946-254146,"All Type of Books Seller",NULL,NULL
http://haldwanicity.com/books-stationary-haldwani.php?cat=Books%20and%20Stationary,"Om Book Depot",NULL,"Rampur Road",9412306912,"All Type of Book Seller",NULL,NULL
http://haldwanicity.com/books-stationary-haldwani.php?page=2&cat=Books%20and%20Stationary&subcat=,"P.K Book Seller",NULL,"Near Degree College ,Nanital Road",05946-224041,"All Type of Book Seller & Stationars",NULL,NULL
http://haldwanicity.com/books-stationary-haldwani.php?page=2&cat=Books%20and%20Stationary&subcat=,"Pooran & Sons",NULL,"Near Kaladhungi Crossing",05946-284845,"All Type of Book Seller & Stationars",NULL,NULL
http://haldwanicity.com/books-stationary-haldwani.php?page=2&cat=Books%20and%20Stationary&subcat=,"Pooranmal & Sons",NULL,"Kanta Complex",05946-252990,"All Type of Book Seller & Stationars",NULL,NULL
http://haldwanicity.com/books-stationary-haldwani.php?page=2&cat=Books%20and%20Stationary&subcat=,"Rangoli Stationary",NULL,"Do Naharia, Bhotia Paraoo",9412984230,"All Type of Book Seller & Stationars",NULL,NULL
http://haldwanicity.com/books-stationary-haldwani.php?page=2&cat=Books%20and%20Stationary&subcat=,"Today Book House",NULL,"Near Nagpal Tower,Bareilly Road",05946-253454,"All Kind of School and Competition Books",NULL,NULL
http://haldwanicity.com/books-stationary-haldwani.php?page=2&cat=Books%20and%20Stationary&subcat=,"Uttarakhand Book Depot",NULL,"Khanchand Market",05946-281901,"All Types of School Books & Stationary",NULL,NULL
http://haldwanicity.com/books-stationary-haldwani.php?page=2&cat=Books%20and%20Stationary&subcat=,"Vardhmann Book Depot",NULL,"Near Almora Urban Bank,Kaladhungi Road.",05946-228147,"Books Seller & Suppiler",NULL,NULL
http://haldwanicity.com/Electronics-haldwani.php?cat=Electronics&subcat=Consumer%20Goods,"DROP CARE ENTERPRISES",NULL,"L-14B, Durga City Centre Nainital Road Haldwani","9997876623, 9410657077, 9997876436","Deals in Domestic,Commercial,Industrial Water Purification applications, i.e. RO systems,Hot & Cold Dispencers. Also repairing,servicing & AMC of branded RO systems. www.haldwanicity.com/Dropcareent.html",NULL,NULL
http://haldwanicity.com/Electronics-haldwani.php?cat=Electronics&subcat=Consumer%20Goods,"General Video Vision",NULL,"Railway Bazar",05946-251135,"Deals in all kinds Electronics Goods",NULL,NULL
http://haldwanicity.com/Electronics-haldwani.php?cat=Electronics&subcat=Consumer%20Goods,"Kumaon Electronics",NULL,"Opp. Bank of Baroda, Nainital Road.",05946-327333,"Deal in all Types of Electronic Goods",NULL,NULL
http://haldwanicity.com/Electronics-haldwani.php?cat=Electronics&subcat=Consumer%20Goods,"Maa Vaishno Electronics",NULL,"Verma Complex, Mukhani.",05946-310828,"Deal in all Types of Electronic Goods",NULL,NULL
http://haldwanicity.com/Electronics-haldwani.php?cat=Electronics&subcat=Consumer%20Goods,"Padmawati Electronics",NULL,"Opp. Taxi Stand Nainital Road",05946-228855,"Deals in all kinds Electronics Goods",NULL,NULL
http://haldwanicity.com/Electronics-haldwani.php?cat=Electronics&subcat=Consumer%20Goods,"Rajlakshmi Electronics",NULL,"Durga City Center, Nainital Road.",05946-228848,"Deal in all Types of Electronic Goods",NULL,NULL
http://haldwanicity.com/Electronics-haldwani.php?cat=Electronics&subcat=Consumer%20Goods,"Sharma Videos",NULL,"Opp. Bank of Baroda, Nainital Road.",05946-223431,NULL,NULL,NULL
http://haldwanicity.com/Electronics-haldwani.php?cat=Electronics&subcat=Consumer%20Goods,"Sony Exclusive",NULL,"Church Compound, Nainital Road.",05946-282634,"Deal in all Types of Electronic Goods",NULL,NULL
http://haldwanicity.com/Electronics-haldwani.php?cat=Electronics&subcat=Consumer%20Goods,"Tip Top Electronics",NULL,"Meera Marg",05946-254063,"Deals in all kinds Electronics Goods",NULL,NULL
http://haldwanicity.com/Electronics-haldwani.php?cat=Electronics&subcat=Consumer%20Goods,"Triputi Sales (GV Parivar)",NULL,"Railway Bazar",05946-250856,"Deals in all kinds Electronics Goods",NULL,NULL
http://haldwanicity.com/mobiles-haldwani.php?cat=Electronics&subcat=Mobile%20Phone,"MANGAL SALES",NULL,"Avas Vikas, Chauraha Haldwani",8899840402,"Sale of Mobile Phones, Sim Cards, Recharge, Accessories",NULL,NULL
http://haldwanicity.com/mobiles-haldwani.php?cat=Electronics&subcat=Mobile%20Phone,"Nokia Priority",NULL,"Near Krishna Shah Nursing Home, Ntl Road",9837623700,NULL,NULL,NULL
http://haldwanicity.com/mobiles-haldwani.php?cat=Electronics&subcat=Mobile%20Phone,"Om Communication",NULL,"Peelee Khoti Kushumkhara",05946-327549,"Sale of Mobile Sets, Sale of Sim Cards",NULL,NULL
http://haldwanicity.com/mobiles-haldwani.php?cat=Electronics&subcat=Mobile%20Phone,"Rudraksh Communication",NULL,"Nainital Road",979217662,"Sale of Mobile Sets, Sale of Sim Cards, Mobile Sets Repair",NULL,NULL
http://haldwanicity.com/mobiles-haldwani.php?cat=Electronics&subcat=Mobile%20Phone,"Sughand Gift & Mobile Shop",NULL,"Laldath Road Near Savitri School Haldwani",9837166636,"Sale of Mobile Sets, Sale of Sim Cards, Mobile Sets Repair",NULL,NULL
http://haldwanicity.com/Computer-haldwani.php?cat=Electronics&subcat=Computer,"G.T.D IT HUB COMPUTERS [secondhand laptop & desktop store (sales,service & repair)]",NULL,"45 punjabi colony satynarayan mandir gali(Behind Gurudwara)kaladhungi road haldwani",9557337777,"Deals in all kinds of secondhand laptops & computers (with 1years warranty) eg Pentium 4,douel core,core 2 doul,core i3,core i5 ,core i7 all types of computer and laptop avilable (new and old both)",NULL,NULL
http://haldwanicity.com/Computer-haldwani.php?cat=Electronics&subcat=Computer,"Kesari Computers",NULL,"Aero Drum Road, Tikonia.",05946-224696.,"Deals in Desktop & Laptops",NULL,NULL
http://haldwanicity.com/Computer-haldwani.php?cat=Electronics&subcat=Computer,"Trouble Shooters.com",NULL,"Near Police Chowki, Mukhani",9719020988,"Deals in Chirag, HP, Dell, Lenovo, SONY, Compaq",NULL,NULL
http://haldwanicity.com/Computer-haldwani.php?cat=Electronics&subcat=Computer,"Zed Security Solution",NULL,"Gaura Complex Kaladhungi Road haldwani uttarakhand","+91-9837474779, +91-9756006777","Electronic Security Systems, System Integrators,CCTV,PAsystem,Spy Gadgets etc. www.zedsecuritysolutions.com",NULL,NULL
http://haldwanicity.com/furniture-haldwani.php?cat=furniture,"Ansari Furniture",NULL,"Tikonia, Haldwani",9412086908,"Deal in Bed Room, Dinning Room furniture etc.",NULL,NULL
http://haldwanicity.com/furniture-haldwani.php?cat=furniture,"Golden Furniture",NULL,"Bareilly Road","05946-246309,9837069639","Deal in Office,School, Home furniture etc. www.goldenfurniture.org",NULL,NULL
http://haldwanicity.com/furniture-haldwani.php?cat=furniture,"Raj Laxmi Furniture",NULL,"Nainital Road",05946-266043,"Deals with all kind of wooden furniture",NULL,NULL
http://haldwanicity.com/furniture-haldwani.php?cat=furniture,"Saket Furniture",NULL,"Nainital Road",05946-224556,"Deals with all type of steel made furniture and wooden furniture",NULL,NULL
http://haldwanicity.com/furniture-haldwani.php?cat=furniture,"Sattar Furniture House",NULL,"Kusumkhera Chauraha,Haldwani (Nainital)",05946-260220,"Deals with all kind of wooden furniture",NULL,NULL
http://haldwanicity.com/furniture-haldwani.php?cat=furniture,"Shiv Nandi Furniture",NULL,"Near Hanuman Mandir,Kamaluwaganja Road, Kusumkhera","94,124,394,519,719,800,000","Deals in Sofa, Double bed, Dining set, Dressing Table.",NULL,NULL
http://haldwanicity.com/furniture-haldwani.php?cat=furniture,"Tripurari Furniture House",NULL,"Near Shiv Parwati Banquet Hall, Talli Bamori Mukhani Haldwani","971,983,937,796,274,000,000,000,000,000","Unique types of wooden furniture for school & offices. Maker of House Window & Modular Kitchen.",NULL,NULL
http://haldwanicity.com/furniture-haldwani.php?cat=furniture,"WALL BIZARRE (Wall Papers, Blinds, Curtains, Awnings & Modular Kitchen etc.",NULL,"Opp. Sankalp Institute, Near Pilikothi Chowk Kaladhungi Road Haldwani","8449857600, 7417505470","Deals in All Types of Furnishing Materials"," www.wallbizarre.in",NULL
http://haldwanicity.com/gift-gallery-haldwani.php?cat=gfs,"Asu Sports",NULL,"Shop No.-1, Durga City Center, Near IDBI Bank Haldwani","05946-282690,7500254307,9319080858,9219407967","Deals in Cosco,Grand Slam,Nivia,Funskool,Sports Items & wears,Exercising equipment,Joggers,Weight lifting,Swimming,Games,Toys,Orthopedic Items.",NULL,NULL
http://haldwanicity.com/gift-gallery-haldwani.php?cat=gfs,"Balbir sports",NULL,"kaladhungi chouraha, nainital road",05946-250008,"All types of sports items & general store",NULL,NULL
http://haldwanicity.com/gift-gallery-haldwani.php?cat=gfs,"DEV BHOOMI SPORTS",NULL,"Durga City Centre Behind IDBI Bank, Lower Ground Floor, Sanwal Chadda Complex, Nainital Road Haldwani",9758333323,"A Multi Branded Sports Goods & Sports Wear Outlet",NULL,NULL
http://haldwanicity.com/gift-gallery-haldwani.php?cat=gfs,"SHIVA SPORTS HOUSE",NULL,"OPP. BAWARCHI RESTAURENT, KALADHUNGI ROAD HALDWANI","9690904564, 9997356496","(Fitness Equipment, Complete Sports Goods, Trophies, Sports Jersies, etc.)",NULL,NULL
http://haldwanicity.com/gift-gallery-haldwani.php?cat=gfs,"Shivam sports & Gift centre",NULL,"sadar bazar",05946-255870,"All sports goods & gifts",NULL,NULL
http://haldwanicity.com/gift-gallery-haldwani.php?cat=gfs,"Sughand Gift Gallery",NULL,"Lal Dath Road, Malli Bamori","98371166636, 9719832343, 9410764777","Gifts & Cards, Mobile Phone Connection & Recharge Coupon",NULL,NULL
http://haldwanicity.com/gift-gallery-haldwani.php?cat=gfs,"Vinika Sports",NULL,"kaladhungi road",05946-280808,"All sports items",NULL,NULL
http://haldwanicity.com/jewellers-haldwani.php?cat=Jewellers,"Chandrika Jewellers",NULL,"Patel Chowk",05946-251845,"Deals in all Types of Modern Jewellerys",NULL,NULL
http://haldwanicity.com/jewellers-haldwani.php?cat=Jewellers,"Darshan Lal & Sons",NULL,"Bartan Bazar",05946-250028,"Deals in all Types of Modern Jewellerys",NULL,NULL
http://haldwanicity.com/jewellers-haldwani.php?cat=Jewellers,"Deep Jewellers",NULL,"Patel Chowk",05946-250408,"Deals in all Types of Modern Jewellerys",NULL,NULL
http://haldwanicity.com/jewellers-haldwani.php?cat=Jewellers,"Jai Guru Jewellers",NULL,"Opp. Saras Marketing Centre, Nainital Road",05946-250269,"Deals in all Types of Modern Jewellerys",NULL,NULL
http://haldwanicity.com/jewellers-haldwani.php?cat=Jewellers,"Jai Sai Jewellers",NULL,"Sahukara Line",05946-255883,"Deals in all Types of Modern Jewellerys",NULL,NULL
http://haldwanicity.com/jewellers-haldwani.php?cat=Jewellers,"Jain Jewellers",NULL,"Patel Chouk, Haldwani","05946-324574, 255448","Deals in all Types of Modern Jewellerys",NULL,NULL
http://haldwanicity.com/jewellers-haldwani.php?cat=Jewellers,"Jeevan Lal Verma",NULL,"Bartan Bazar",05946-250433,"Deals in all Types of Modern Jewellerys",NULL,NULL
http://haldwanicity.com/jewellers-haldwani.php?cat=Jewellers,"Krishna Jewellers",NULL,"Opp. Civil Hospital",05946-251100,"Deals in all Types of Modern Jewellerys",NULL,NULL
http://haldwanicity.com/jewellers-haldwani.php?cat=Jewellers,"Kumaon Abhushan",NULL,"Bartan Bazar",05946-250025,"Deals in all Types of Modern Jewellerys",NULL,NULL
http://haldwanicity.com/jewellers-haldwani.php?cat=Jewellers,"Kumaon Jewellers",NULL,"Near Soban Singh Jeena Hospital",05946-255237,"Deals in all Types of Modern Jewellerys",NULL,NULL
http://haldwanicity.com/jewellers-haldwani.php?page=2&cat=Jewellers&subcat=,"Mahalaxmi Jewellers",NULL,"Patel Chowk",05946-250462,"Deals in all Types of Modern Jewellerys",NULL,NULL
http://haldwanicity.com/jewellers-haldwani.php?page=2&cat=Jewellers&subcat=,"Modern Jewellers",NULL,"Nainital Road",05946-220495,"Deals in all Types of Modern Jewellerys",NULL,NULL
http://haldwanicity.com/jewellers-haldwani.php?page=2&cat=Jewellers&subcat=,"Shree Shyam Jewellers",NULL,"Patel Chowk",05946-250412,"Deals in all Types of Modern Jewellerys",NULL,NULL
http://haldwanicity.com/jewellers-haldwani.php?page=2&cat=Jewellers&subcat=,"Shri Guru Jewellers",NULL,"Jai Guru Plaza",05946-250075,"Deals in all Types of Modern Jewellerys",NULL,NULL
http://haldwanicity.com/jewellers-haldwani.php?page=2&cat=Jewellers&subcat=,"Sona Chandi",NULL,"Sharda Market, Nainital Road",05946-250155,"Deals in all Types of Modern Jewellerys",NULL,NULL
http://haldwanicity.com/opticals-haldwani.php?cat=Optical,"Arora Optical Center",NULL,"Nainital Road",9359411843,"All Types of Spectical",NULL,NULL
http://haldwanicity.com/opticals-haldwani.php?cat=Optical,"Bhagwati Optical",NULL,"Kaladhungi Chouraha",9412419517,NULL,NULL,NULL
http://haldwanicity.com/opticals-haldwani.php?cat=Optical,"Bharat Optical Center",NULL,"Kaladhungi Road",05946-254818,"All Types of Spectical",NULL,NULL
http://haldwanicity.com/opticals-haldwani.php?cat=Optical,"Friends Opticals",NULL,"Near Kapil Complex, Mukhani","94,124,040,419,410,400,000","All kinds of goggles & sight spectacles",NULL,NULL
http://haldwanicity.com/opticals-haldwani.php?cat=Optical,"Jaya Optical",NULL,"Durga City Center",05946-280777,"All Types of Spectical",NULL,NULL
http://haldwanicity.com/opticals-haldwani.php?cat=Optical,"Mahendra Emporium",NULL,"Kaladhungi Road",05946-250016,"All Types of Spectical",NULL,NULL
http://haldwanicity.com/opticals-haldwani.php?cat=Optical,"Maya Optical Center",NULL,"Kaladhungi Road",05946-225428,"All Types of Spectical",NULL,NULL
http://haldwanicity.com/opticals-haldwani.php?cat=Optical,"Om Optical",NULL,"Durga City Center",9897912558,NULL,NULL,NULL
http://haldwanicity.com/opticals-haldwani.php?cat=Optical,"Pandey Optical Center",NULL,"Opp. Base Hospital",05946-251357,"All Types of Spectical",NULL,NULL
http://haldwanicity.com/opticals-haldwani.php?cat=Optical,"Perfect Vision Optical Center",NULL,Mukhani,05946-222925,"All Types of Spectical",NULL,NULL
http://haldwanicity.com/opticals-haldwani.php?page=2&cat=Optical&subcat=,"S. A. Optical",NULL,"Jama Majjat",9837215019,NULL,NULL,NULL
http://haldwanicity.com/opticals-haldwani.php?page=2&cat=Optical&subcat=,"S. A. Optical",NULL,"Jama Majjat",9837215019,NULL,NULL,NULL
http://haldwanicity.com/hospitals-haldwani.php?cat=Hospitals,"Banbulpura Rajkiya Chikitsalay",NULL,"Line No-17. Haldwani.",-9411118609,NULL,NULL,NULL
http://haldwanicity.com/hospitals-haldwani.php?cat=Hospitals,"Bhatt Skin allergy & General Hospital",NULL,"Saundarya Beauty Clinic & Medi-spa, Durga Nagar near whitehall school, kaladhungi road Unchapul haldwani","8193869851, 05946-260615",NULL,NULL,NULL
http://haldwanicity.com/hospitals-haldwani.php?cat=Hospitals,"Bombay Hospital & Research Centre",NULL,"Near Sourab Hotel, Nainital Road","05946-284949, 9917466074",NULL,NULL,NULL
http://haldwanicity.com/hospitals-haldwani.php?cat=Hospitals,"Brijlal Hospital",NULL,"Anandi Tower, Teri pulia, nainital road","05946-284816,9927688888",NULL,NULL,NULL
http://haldwanicity.com/hospitals-haldwani.php?cat=Hospitals,"City Hospital",NULL,"Teen Pani Haldwani",05946-327835,NULL,NULL,NULL
http://haldwanicity.com/hospitals-haldwani.php?cat=Hospitals,"Krishna Hospital & Research Centre",NULL,"Near Degree College, Subhas Nagar, Tandi Sadak","05946-222426, 282623",NULL,NULL,NULL
http://haldwanicity.com/hospitals-haldwani.php?cat=Hospitals,"Ladies Civil Hospital",NULL,"Kaladhungi Crossing, Bareilly Road",05946-255210,NULL,NULL,NULL
http://haldwanicity.com/hospitals-haldwani.php?cat=Hospitals,"MEHROTRA EYE HOSPITAL (Phaco Eye Surgeon,Glaucoma Management, Squint & Ptosis Surgry)",NULL,"Nababi Road Haldwani","05946-221183, 9837236771 (Dr. RN Mehrotra, Dr. Nitin Mehrotra)",NULL,NULL,NULL
http://haldwanicity.com/hospitals-haldwani.php?cat=Hospitals,"MOD Innovative Care (Skin Care & Hair Fixing Centre)",NULL,"1st Floor Guru Teg Bahadur Market Tikonia Haldwani Uttarakhand","9837638547, 05946- 325831",NULL,NULL,NULL
http://haldwanicity.com/hospitals-haldwani.php?cat=Hospitals,"Naina Eye Hospital",NULL,"Pal Complex, Bareilly Road.",9410171482,NULL,NULL,NULL
http://haldwanicity.com/hospitals-haldwani.php?page=2&cat=Hospitals&subcat=,"Sai Hospital",NULL,"Near Mukhani Chauraha, Kaladhungi Road",05946-263323,NULL,NULL,NULL
http://haldwanicity.com/hospitals-haldwani.php?page=2&cat=Hospitals&subcat=,"Sitapur Eye Hospital",NULL,"Near Bank Of Baroda, Nainital Road",05946-220209,NULL,NULL,NULL
http://haldwanicity.com/hospitals-haldwani.php?page=2&cat=Hospitals&subcat=,"Soban Singh Jeena Base Hospital",NULL,"Near Roadways Bus Stand, Nainital Road",05946-251088,NULL,NULL,NULL
http://haldwanicity.com/hospitals-haldwani.php?page=2&cat=Hospitals&subcat=,"Sri Ram Hospital",NULL,"Tikonia, Nainital Road",05946-282751,NULL,NULL,NULL
http://haldwanicity.com/hospitals-haldwani.php?page=2&cat=Hospitals&subcat=,"Sushila Tewari Forest Hospital & Research Centre",NULL,"Rampur Road",05946-234104,NULL,NULL,NULL
http://haldwanicity.com/hospitals-haldwani.php?page=2&cat=Hospitals&subcat=,"Veterinary Hospital",NULL,"near Union Bank, Kaladhungi Road",05946-221014,NULL,NULL,NULL
http://haldwanicity.com/clinics-haldwani.php?cat=Clinics,"Agarwal""s Dental Care Centre - Multi Speciality Dental Centre",NULL,"5-30, Canal Road, Tikonia, Near Quantum Coaching Institute Haldwani",9759622000,"Dr. Mrs. Sarita Agarwal - Ex. Resid. DeenDayal Upadhyay Hospital - Delhi",NULL,NULL
http://haldwanicity.com/clinics-haldwani.php?cat=Clinics,"Backpain, Neckpain & Paralysis Clinic",NULL,"Sai Hospital Mukhani","9412040900, 05946-260570","Dr. Jayanta Ghoshal",NULL,NULL
http://haldwanicity.com/clinics-haldwani.php?cat=Clinics,"Brite Dental Care (Family Dentistry)",NULL,"Nawabi Road, Haldwani Uttarakhand","95,683,840,019,568,300,000","(Dr. Divya Rawat - Dental Surgeon)",NULL,NULL
http://haldwanicity.com/clinics-haldwani.php?cat=Clinics,"Dr. Danish Khan Wellness Clinics",NULL,"Near Nainital Bank, Pilikoti, Kaladhungi road, Haldwani.Uttarakhand","9917781515, 9997958786","Provides Advance Physiotherapy, Slimming & Beauty Solutions",NULL,NULL
http://haldwanicity.com/clinics-haldwani.php?cat=Clinics,"FUTELA CLINIC",NULL,"Rampur Road Haldwani","9084596225, 9837023952","Bone & Joint Replacement Centre",NULL,NULL
http://haldwanicity.com/clinics-haldwani.php?cat=Clinics,"Homeopathic Clinic",NULL,"Indra Complex, Kusumkhera Haldwani Uttarakhand",9335029974,"(Dr.Hariom Solanki) Physician, Chronic cases,Quit Alcohol & Smoking",NULL,NULL
http://haldwanicity.com/clinics-haldwani.php?cat=Clinics,"Mehrotra Nursing Home",NULL,"Nawabi Road Haldwani Nainital",05946-221183,"Nursing Home & maternity Centre",NULL,NULL
http://haldwanicity.com/clinics-haldwani.php?cat=Clinics,"MOD Innovative Care",NULL,"1st Floor Guru Teg Bahadur Market Tikonia Haldwani Uttarakhand","9837638547, 05946-325831","Skin Care & Hair Fixing Centre",NULL,NULL
http://haldwanicity.com/clinics-haldwani.php?cat=Clinics,"Sanskar Clinic",NULL,"Malti Devi Complex, opp. Kurmanchal Nagar Sahkari Bank, Mukhani Chouraha, Kaladhungi Road Haldwani Uttarakhand","05946-210950, 9927125056,7409918303","Audiologist, Speechpathologist, Therapist, Physiotherapist, Rehabilitation, Occupational Therapist",NULL,NULL
http://haldwanicity.com/doctors-haldwani.php?cat=Doctor,"Anil Kumar Pande (Pandey Physiotherapy Centre)",NULL,"Malti Devi Mall, Opp. Kurmanchal Bank, Mukhani Chauraha Kaladhungi Road, Haldwani","9456138581, 9411854828","Physiotherapy for all conditions-Home Visit by Appointment",NULL,NULL
http://haldwanicity.com/doctors-haldwani.php?cat=Doctor,"Dr. Danish Khan Wellness Clinics",NULL,"Near Nainital Bank, Pilikoti, Kaladhungi road, Haldwani.Uttarakhand","9917781515, 9997958786","Provides Advance Physiotherapy, Slimming & Beauty Solutions",NULL,NULL
http://haldwanicity.com/doctors-haldwani.php?cat=Doctor,"Dr. J,S. khurana",NULL,"Behind Amarpali Hotel, Haldwani",05946-222426,"Ortropaedic & Arthroplastic, Artroscopy Surgeon",NULL,NULL
http://haldwanicity.com/doctors-haldwani.php?cat=Doctor,"Dr. Jayanta Ghoshal",NULL,"D 2/8 Durga Nagar Lohariyasuyal Mall Unchapul Haldwani","9412040900, 05946-260570","Backpain, Neckpain & Paralysis",NULL,NULL
http://haldwanicity.com/doctors-haldwani.php?cat=Doctor,"Dr. Krishna Sah",NULL,"Shri Ram Hospital, Civil Lines, Tikonia.",05946-224422,Obstetrician,NULL,NULL
http://haldwanicity.com/doctors-haldwani.php?cat=Doctor,"Dr. Mrs R,K Khurana",NULL,"Guru Nanak Pura, Haldwani.",05946-222426,"OBS and Gynae, Lapro Surgery.",NULL,NULL
http://haldwanicity.com/doctors-haldwani.php?cat=Doctor,"Dr. Naveen Kandpal",NULL,"Base Hospital, Haldwani",9719216009,"ENT and Nero Surgeon.",NULL,NULL
http://haldwanicity.com/doctors-haldwani.php?cat=Doctor,"Dr. R.A Kadiya",NULL,"Base Hospital, Haldwani",05946-223851,"M.D , Physician.",NULL,NULL
http://haldwanicity.com/doctors-haldwani.php?cat=Doctor,"Dr. S.K.Mishra",NULL,"Near Saurabh Hotel, Avas Vikas Road, Haldwani","05946-284949, 09412085566","Orthopaedic Surgeon",NULL,NULL
http://haldwanicity.com/doctors-haldwani.php?cat=Doctor,"Dr. Sanjay Kumar Juyal",NULL,"Krishna Hospital & Research Center",05946-222426,"M.B.B.S ,MS, Urologic Surgery Cancer",NULL,NULL
http://haldwanicity.com/doctors-haldwani.php?page=2&cat=Doctor&subcat=,"Dr. Savitri singh",NULL,"Female Hospital, Haldwani",05946-255108,"Mother & child delivery services, Maternity",NULL,NULL
http://haldwanicity.com/doctors-haldwani.php?page=2&cat=Doctor&subcat=,"Dr. Savitri singh",NULL,"Female Hospital, Haldwani",05946-255108,"Mother & child delivery services, Maternity",NULL,NULL
http://haldwanicity.com/health-haldwani.php?cat=Health%20Club,"Prime Figure",NULL,"Railway Bazar",9837345525,NULL,NULL,NULL
http://haldwanicity.com/health-haldwani.php?cat=Health%20Club,"Slimmling Centre",NULL,"Gurunanak pura",9412310536,NULL,NULL,NULL
http://haldwanicity.com/diagnostic-haldwani.php?cat=Diagnostic%20Center,"Chandan Diagnostic Center",NULL,"Near Amrapali Hotel, Nainital Road, Haldwani",9235400975,NULL,NULL,NULL
http://haldwanicity.com/diagnostic-haldwani.php?cat=Diagnostic%20Center,"Haldwani Diagnostic Center",NULL,"Opp. Base Hospital, Nainital Road",05946-255012,NULL,NULL,NULL
http://haldwanicity.com/diagnostic-haldwani.php?cat=Diagnostic%20Center,"Jeevan Deep Diagnostic Center",NULL,"opp. PAC, Nainital Road","05946- 242341",NULL,NULL,NULL
http://haldwanicity.com/diagnostic-haldwani.php?cat=Diagnostic%20Center,"Kumaon Diagnostic Center",NULL,"Church Compound",05946-266112,NULL,NULL,NULL
http://haldwanicity.com/diagnostic-haldwani.php?cat=Diagnostic%20Center,"Tirupati X - Ray Diagnostic Center",NULL,"Durga City Center",05946-309916,NULL,NULL,NULL
http://haldwanicity.com/pathology-haldwani.php?cat=Pathology%20Center,"Dr. Lal Pathlab Pvt Ltd.",NULL,Mukhani,05946-282249,NULL,NULL,NULL
http://haldwanicity.com/pathology-haldwani.php?cat=Pathology%20Center,"Pathology Clinic",NULL,"Kaladhungi Road, Haldwani",05946-224066,NULL,NULL,NULL
http://haldwanicity.com/pathology-haldwani.php?cat=Pathology%20Center,"Pathology Clinic (Dr. Nisha Joshi)",NULL,"Near Union Bank, Kaladhungi Road.","Info. not available",NULL,NULL,NULL
http://haldwanicity.com/pathology-haldwani.php?cat=Pathology%20Center,"R.L. Memorial Pathology Center",NULL,"Near Bhotia Parao Post Office, Nainital Road.",05946-254892,NULL,NULL,NULL
http://haldwanicity.com/chemists-haldwani.php?cat=Chemists,"Agarwal Enterprises",NULL,"Khan Market Haldwani.",05946-252881,NULL,NULL,NULL
http://haldwanicity.com/chemists-haldwani.php?cat=Chemists,"Agrawal Store",NULL,"Sadar Bazar, Haldwani.",05946-251084,NULL,NULL,NULL
http://haldwanicity.com/chemists-haldwani.php?cat=Chemists,"Bhagwati Medical Store",NULL,"Kaladhungi Road",05946-260508,NULL,NULL,NULL
http://haldwanicity.com/chemists-haldwani.php?cat=Chemists,"Bharat Medicos",NULL,"Kaladhungi Road",05946-221740,NULL,NULL,NULL
http://haldwanicity.com/chemists-haldwani.php?cat=Chemists,"Bhasin Medical Store",NULL,"Patel Chowk",05946-250162,NULL,NULL,NULL
http://haldwanicity.com/chemists-haldwani.php?cat=Chemists,"Bhog Ayurvedic Store",NULL,"Railway Bazar",05946-250514,NULL,NULL,NULL
http://haldwanicity.com/chemists-haldwani.php?cat=Chemists,"Consul Medical Store",NULL,"Kaladhungi Chauraha",05946-254176,NULL,NULL,NULL
http://haldwanicity.com/chemists-haldwani.php?cat=Chemists,"Emergency Medical Store",NULL,"Azad Nagar",05946-220096,NULL,NULL,NULL
http://haldwanicity.com/chemists-haldwani.php?cat=Chemists,"Good Will Medicos",NULL,"Jail Road",9897155875,NULL,NULL,NULL
http://haldwanicity.com/chemists-haldwani.php?cat=Chemists,"Himani Sales",NULL,"Near PNB, Nainital Road",05946-223742,NULL,NULL,NULL
http://haldwanicity.com/ambulance-haldwani.php?cat=Ambulance,"Haldwani; Haldwani; Soban Singh Jeena",NULL,NULL,"102; 108; 05946-251088",NULL,NULL,NULL
http://haldwanicity.com/ambulance-haldwani.php?cat=Ambulance,Haldwani,NULL,NULL,102,NULL,NULL,NULL
http://haldwanicity.com/ambulance-haldwani.php?cat=Ambulance,Haldwani,NULL,NULL,108,NULL,NULL,NULL
http://haldwanicity.com/ambulance-haldwani.php?cat=Ambulance,"Soban Singh Jeena",NULL,NULL,05946-251088,NULL,NULL,NULL
http://haldwanicity.com/fire-brigade-haldwani.php?cat=Fire%20Brigade,"Nainital Road Haldwani; Haldwani",NULL,NULL,"05946-266121; 101",NULL,NULL,NULL
http://haldwanicity.com/fire-brigade-haldwani.php?cat=Fire%20Brigade,"Nainital Road Haldwani",NULL,NULL,05946-266121,NULL,NULL,NULL
http://haldwanicity.com/fire-brigade-haldwani.php?cat=Fire%20Brigade,Haldwani,NULL,NULL,101,NULL,NULL,NULL
http://haldwanicity.com/police-haldwani.php?cat=Police,"A.S.P., Haldwani",NULL,NULL,05946-221538,NULL,NULL,NULL
http://haldwanicity.com/police-haldwani.php?cat=Police,"Chowki, Bhotia Parao",NULL,NULL,05946-282869,NULL,NULL,NULL
http://haldwanicity.com/police-haldwani.php?cat=Police,"Control Office Haldwani",NULL,NULL,05946-220797,NULL,NULL,NULL
http://haldwanicity.com/police-haldwani.php?cat=Police,"I.G. Kumaon",NULL,NULL,05946-221010,NULL,NULL,NULL
http://haldwanicity.com/police-haldwani.php?cat=Police,"Chowki, Banphoolpura",NULL,NULL,"05946-254163, 05946-220052, 09411112757",NULL,NULL,NULL
http://haldwanicity.com/police-haldwani.php?cat=Police,"Station, Kathgodam.",NULL,NULL,05946-288744,NULL,NULL,NULL
http://haldwanicity.com/police-haldwani.php?cat=Police,"Inspector, Haldwani",NULL,NULL,"05946-220052, 09411112757",NULL,NULL,NULL
http://haldwanicity.com/police-haldwani.php?cat=Police,"Chowki Lamachaur.",NULL,NULL,05946-238661,NULL,NULL,NULL
http://haldwanicity.com/police-haldwani.php?cat=Police,"Chowki, Mangal Parao",NULL,NULL,05946-220062,NULL,NULL,NULL
http://haldwanicity.com/police-haldwani.php?cat=Police,"Chowki, Mukhani",NULL,NULL,05946-254163,NULL,NULL,NULL
http://haldwanicity.com/banquet-haldwani.php?cat=Banquet%20Halls,"Prem Chunariya Banquet Hall & Party Lawns",NULL,"In front of Negi Niwas, Teen Pani, Bareilly Road Haldwani Uttarakhand","9412403598, 7500719784","For Inquiry Call @ 9412403598, 7500719784",NULL,NULL
http://haldwanicity.com/banquet-haldwani.php?cat=Banquet%20Halls,"SANGAM Marriage Palace",NULL,"Near D.A.V. School, Himmatpur Malla, Kamaluaganga Road, Kusumkhera Haldwani - Nainital Uttarakhand",9837466386,"Banquet Hall & Party Lawn - Inquiry Call 9837466386",NULL,NULL
http://haldwanicity.com/banquet-haldwani.php?cat=Banquet%20Halls,"Shri Hari Kripa Garden & Banquet",NULL,"Himmatpur Malla, Kamaluaganga Road, Haldwani","+91-9319912975, +91-9411792359","Inquiry @ +91-9319912975, +91-9411792359, +91-9557008081",NULL,NULL
http://haldwanicity.com/banquet-haldwani.php?cat=Banquet%20Halls,"Tirupati Banquet Hall",NULL,"Near Panchakki Chouraha Haldwani Uttarakhand","9412084751, 9319909759","Banquet Hall & Party Lawn - For Inquiry Call 9412084751",NULL,NULL
http://haldwanicity.com/banquet-haldwani.php?cat=Banquet%20Halls,"Utthan Manch",NULL,"Heera Nagar Haldwani Uttarakhand",05946-254825,NULL,NULL,NULL
http://haldwanicity.com/pmedia-haldwani.php?cat=p%20media,"SHIVAM PRINTERS & STATIONERS (All Kinds of Designing & Printings)",NULL,"Near Bhartiya Bal Bidhya Mandir,Mukhani, Kaladhungi Road,Haldwani","9719212111, 9690543535, 7895360100",NULL,NULL,NULL
http://haldwanicity.com/pmedia-haldwani.php?cat=p%20media,"SHIVAM PRINTERS & STATIONERS (All Kinds of Designing & Printings)",NULL,"Near Bhartiya Bal Bidhya Mandir,Mukhani, Kaladhungi Road,Haldwani","9719212111, 9690543535, 7895360100",NULL,NULL,NULL
http://haldwanicity.com/photo-haldwani.php?cat=Photo,"G K Digital Photoworld",NULL,"Near Sijwali Friends Towar, kaladhungi Road, Mukhani Haldwani Haldwani, Uttarakhand","05946 221 630","Digital Photo Studios in Haldwani,enlargement of photos , digital album, photo framing",NULL,NULL
http://haldwanicity.com/photo-haldwani.php?cat=Photo,"G K Digital Photoworld",NULL,"Near Sijwali Friends Towar, kaladhungi Road, Mukhani Haldwani Haldwani, Uttarakhand","05946 221 630","Digital Photo Studios in Haldwani,enlargement of photos , digital album, photo framing",NULL,NULL
http://haldwanicity.com/bparlor-haldwani.php?cat=Beauty%20Parlor,"Alisha Beauty Parlor",NULL,"Near Degree College, Nainital Road",05946-223296,NULL,NULL,NULL
http://haldwanicity.com/bparlor-haldwani.php?cat=Beauty%20Parlor,"Apsara Beauty Parlor",NULL,"Heera Nagar",05946-226400,NULL,NULL,NULL
http://haldwanicity.com/bparlor-haldwani.php?cat=Beauty%20Parlor,"Cozy Beauty Parlor",NULL,"Mukhani Chouraha",9837119243,NULL,NULL,NULL
http://haldwanicity.com/bparlor-haldwani.php?cat=Beauty%20Parlor,"Miss India Beauty Parlor",NULL,"opp. ladies hospital",05946-238083,NULL,NULL,NULL
http://haldwanicity.com/bparlor-haldwani.php?cat=Beauty%20Parlor,"Pioneer Beauty Parlor",NULL,"Durga city centre",05946-314406,NULL,NULL,NULL
http://haldwanicity.com/bparlor-haldwani.php?cat=Beauty%20Parlor,"Prachi Beauty Parlor",NULL,"church compound",05946-224974,NULL,NULL,NULL
http://haldwanicity.com/bparlor-haldwani.php?cat=Beauty%20Parlor,"Tip Top Beauty Parlor",NULL,"Naya Bazar",05946-250607,NULL,NULL,NULL
http://haldwanicity.com/courier-haldwani.php?cat=Courier%20Service,"Blaze Flash",NULL,"Natraj Office Kaladhungi Road","05946-321579 ,05946-254396",NULL,NULL,NULL
http://haldwanicity.com/courier-haldwani.php?cat=Courier%20Service,"D T C H",NULL,"Kaladgungi Road",05946-254806,NULL,NULL,NULL
http://haldwanicity.com/courier-haldwani.php?cat=Courier%20Service,"D T D C",NULL,"Khan Chand Market",05946-221904,NULL,NULL,NULL
http://haldwanicity.com/courier-haldwani.php?cat=Courier%20Service,"Desk To Desk Courier Service",NULL,"Khan Chand Market",05946-221904,NULL,NULL,NULL
http://haldwanicity.com/courier-haldwani.php?cat=Courier%20Service,"First Flight",NULL,"Multi Service Agency Tikonia Road",05946-251539,NULL,NULL,NULL
http://haldwanicity.com/courier-haldwani.php?cat=Courier%20Service,"Harsh Courier Service",NULL,Mukhani,05946-263742,NULL,NULL,NULL
http://haldwanicity.com/courier-haldwani.php?cat=Courier%20Service,"Overnite Express Ltd.",NULL,"Near Sharda Hotel",05946-250513,NULL,NULL,NULL
http://haldwanicity.com/courier-haldwani.php?cat=Courier%20Service,"Pafex Courier",NULL,"Khan chand Market Nainital Road",05946-223385,NULL,NULL,NULL
http://haldwanicity.com/courier-haldwani.php?cat=Courier%20Service,"Track On",NULL,"Munna Market",05946-254335,NULL,NULL,NULL
http://haldwanicity.com/courier-haldwani.php?cat=Courier%20Service,"World Pack Courier Service",NULL,"Jail Road",05946-254497,NULL,NULL,NULL
http://haldwanicity.com/cinema-haldwani.php?cat=Cinema%20Halls,"Laxmi Takies",NULL,"Near Mangal Parao haldwani",05946-220011,"Show Start from 12 Noon, 3 pm, 6 pm, 9 pm",NULL,NULL
http://haldwanicity.com/cinema-haldwani.php?cat=Cinema%20Halls,"Naheed Cinema",NULL,"Railway Bazar Haldwani",05946-251310,"Show Start from 12 Noon, 3 pm, 6 pm, 9 pm",NULL,NULL
http://haldwanicity.com/cinema-haldwani.php?cat=Cinema%20Halls,"Prem Cinema",NULL,"Near Roadways Bus Stand Haldwani",05946-250157,"Show Start from 12 Noon, 3 pm, 6 pm, 9 pm",NULL,NULL
http://haldwanicity.com/cinema-haldwani.php?cat=Cinema%20Halls,"Sargam Cinema",NULL,"Rampur Road Haldwani",9837556573,"Show Start from 12 Noon, 3 pm, 6 pm, 9 pm",NULL,NULL
http://haldwanicity.com/cinema-haldwani.php?cat=Cinema%20Halls,Walkway,NULL,"NH-87 , Nainital Road, Haldwani - 263139","05946 285522","01:45 PM, 03:20 PM, 09:20 PM 01:20 PM 11:00 AM, 07:45 PM, 10:00 PM 10:45 AM, 04:45 PM 6:20 PM",NULL,NULL
http://haldwanicity.com/cybercafe-haldwani.php?cat=Cyber%20Cafe,"Ajay Friend's Forever Cyber Cafe",NULL,Goraparow,9719748863,NULL,NULL,NULL
http://haldwanicity.com/cybercafe-haldwani.php?cat=Cyber%20Cafe,"ARORA Cyber Cafe",NULL,"Near Ashoka Bar ,Mukhani Chouraha",9634580577,NULL,NULL,NULL
http://haldwanicity.com/cybercafe-haldwani.php?cat=Cyber%20Cafe,"Cyber City",NULL,"Nawabi Road",05946-224841,NULL,NULL,NULL
http://haldwanicity.com/cybercafe-haldwani.php?cat=Cyber%20Cafe,"Preet Cyber Cafe",NULL,"Choti Mukhani",9359425307,NULL,NULL,NULL
http://haldwanicity.com/motor-driving-haldwani.php?cat=Motor%20Driving,"Best Motor Driving Training School",NULL,"Pilikoti, Kaladhungi Road Haldwani","9410940186, 8954678930","Best Car & Four Wheeler driving training school in haldwani uttarakhand",NULL,NULL
http://haldwanicity.com/motor-driving-haldwani.php?cat=Motor%20Driving,"Jai Durga Motor Driving School",NULL,Kusumkhera,9917903997,NULL,NULL,NULL
http://haldwanicity.com/motor-driving-haldwani.php?cat=Motor%20Driving,"Motor Driving Training School",NULL,"Bhatt Colony Talli Bamori Haldwani","05946-309965, 9412327196","Car driving training school in haldwani",NULL,NULL
